,TLG
10/1/03,387
10/2/03,169
10/3/03,-109
10/4/03,-211
10/5/03,516
10/6/03,17
10/7/03,-376
10/8/03,284
10/9/03,-213
10/10/03,-33
10/11/03,150
10/12/03,-39
10/13/03,22
10/14/03,44
10/15/03,77
10/16/03,-278
10/17/03,24
10/18/03,299
10/19/03,270
10/20/03,247
10/21/03,-170
10/22/03,-84
10/23/03,327
10/24/03,-205
10/25/03,418
10/26/03,328
10/27/03,-120
10/28/03,109
10/29/03,-176
10/30/03,-357
10/31/03,9
11/1/03,-975
11/2/03,21
11/3/03,117
11/4/03,47
11/5/03,-68
11/6/03,1003
11/7/03,-302
11/8/03,194
11/9/03,1097
11/10/03,610
11/11/03,309
11/12/03,300
11/13/03,201
11/14/03,-123
11/15/03,869
11/16/03,342
11/17/03,-165
11/18/03,454
11/19/03,495
11/20/03,-107
11/21/03,-57
11/22/03,-132
11/23/03,190
11/24/03,224
11/25/03,101
11/26/03,340
11/27/03,-466
11/28/03,732
11/29/03,-405
11/30/03,582
12/1/03,30
12/2/03,-58
12/3/03,-48
12/4/03,94
12/5/03,1590
12/6/03,3708
12/7/03,4129
12/8/03,324
12/9/03,963
12/10/03,1579
12/11/03,1000
12/12/03,1039
12/13/03,1843
12/14/03,1208
12/15/03,886
12/16/03,785
12/17/03,324
12/18/03,881
12/19/03,1131
12/20/03,1089
12/21/03,1391
12/22/03,1466
12/23/03,553
12/24/03,2850
12/25/03,3930
12/26/03,1835
12/27/03,1231
12/28/03,540
12/29/03,1896
12/30/03,1702
12/31/03,1782
1/1/04,4637
1/2/04,1995
1/3/04,1404
1/4/04,1698
1/5/04,802
1/6/04,1227
1/7/04,1071
1/8/04,1071
1/9/04,1050
1/10/04,1526
1/11/04,663
1/12/04,1635
1/13/04,734
1/14/04,1001
1/15/04,715
1/16/04,1037
1/17/04,1581
1/18/04,668
1/19/04,868
1/20/04,552
1/21/04,559
1/22/04,569
1/23/04,1607
1/24/04,325
1/25/04,1621
1/26/04,379
1/27/04,732
1/28/04,283
1/29/04,902
1/30/04,1008
1/31/04,1491
2/1/04,883
2/2/04,200
2/3/04,1708
2/4/04,1046
2/5/04,1042
2/6/04,530
2/7/04,1250
2/8/04,985
2/9/04,1057
2/10/04,272
2/11/04,936
2/12/04,734
2/13/04,906
2/14/04,1065
2/15/04,490
2/16/04,2324
2/17/04,3219
2/18/04,4272
2/19/04,2837
2/20/04,2291
2/21/04,1618
2/22/04,1623
2/23/04,1833
2/24/04,1394
2/25/04,4409
2/26/04,6711
2/27/04,4124
2/28/04,2981
2/29/04,2074
3/1/04,2508
3/2/04,1652
3/3/04,2271
3/4/04,1616
3/5/04,2297
3/6/04,1750
3/7/04,2321
3/8/04,2931
3/9/04,3283
3/10/04,1663
3/11/04,3792
3/12/04,5542
3/13/04,3873
3/14/04,4154
3/15/04,5101
3/16/04,5023
3/17/04,4842
3/18/04,5340
3/19/04,5717
3/20/04,5929
3/21/04,6662
3/22/04,6565
3/23/04,7076
3/24/04,5839
3/25/04,6107
3/26/04,4970
3/27/04,3772
3/28/04,3724
3/29/04,4516
3/30/04,4321
3/31/04,4569
4/1/04,4413
4/2/04,3806
4/3/04,3859
4/4/04,4927
4/5/04,5412
4/6/04,6172
4/7/04,5210
4/8/04,5228
4/9/04,5819
4/10/04,5556
4/11/04,4986
4/12/04,5401
4/13/04,5694
4/14/04,4441
4/15/04,4047
4/16/04,3315
4/17/04,2610
4/18/04,2956
4/19/04,3424
4/20/04,2321
4/21/04,2026
4/22/04,2290
4/23/04,2898
4/24/04,3518
4/25/04,4285
4/26/04,5266
4/27/04,6551
4/28/04,7075
4/29/04,5920
4/30/04,5498
5/1/04,5621
5/2/04,7599
5/3/04,8542
5/4/04,8536
5/5/04,8246
5/6/04,7454
5/7/04,5768
5/8/04,6150
5/9/04,5724
5/10/04,5402
5/11/04,4835
5/12/04,3508
5/13/04,4026
5/14/04,4912
5/15/04,4465
5/16/04,4780
5/17/04,4784
5/18/04,4384
5/19/04,3922
5/20/04,3725
5/21/04,3930
5/22/04,3286
5/23/04,2927
5/24/04,3894
5/25/04,2980
5/26/04,3622
5/27/04,3723
5/28/04,6386
5/29/04,7171
5/30/04,4373
5/31/04,4570
6/1/04,4203
6/2/04,4174
6/3/04,4942
6/4/04,4219
6/5/04,4412
6/6/04,3796
6/7/04,3715
6/8/04,3597
6/9/04,2675
6/10/04,1663
6/11/04,2007
6/12/04,1937
6/13/04,2202
6/14/04,2503
6/15/04,2622
6/16/04,3011
6/17/04,2571
6/18/04,2269
6/19/04,1852
6/20/04,1975
6/21/04,1398
6/22/04,1962
6/23/04,1045
6/24/04,1644
6/25/04,1288
6/26/04,1583
6/27/04,796
6/28/04,1211
6/29/04,1012
6/30/04,1163
7/1/04,597
7/2/04,922
7/3/04,1161
7/4/04,1179
7/5/04,557
7/6/04,676
7/7/04,1015
7/8/04,391
7/9/04,623
7/10/04,942
7/11/04,390
7/12/04,327
7/13/04,579
7/14/04,555
7/15/04,245
7/16/04,556
7/17/04,420
7/18/04,274
7/19/04,562
7/20/04,152
7/21/04,77
7/22/04,426
7/23/04,85
7/24/04,94
7/25/04,484
7/26/04,181
7/27/04,140
7/28/04,-96
7/29/04,-236
7/30/04,415
7/31/04,75
8/1/04,649
8/2/04,121
8/3/04,-203
8/4/04,508
8/5/04,276
8/6/04,-90
8/7/04,536
8/8/04,-204
8/9/04,806
8/10/04,-43
8/11/04,376
8/12/04,57
8/13/04,12
8/14/04,193
8/15/04,586
8/16/04,-191
8/17/04,278
8/18/04,183
8/19/04,-99
8/20/04,237
8/21/04,232
8/22/04,121
8/23/04,-10
8/24/04,272
8/25/04,-77
8/26/04,475
8/27/04,31
8/28/04,588
8/29/04,-193
8/30/04,703
8/31/04,-236
9/1/04,431
9/2/04,-236
9/3/04,247
9/4/04,187
9/5/04,-111
9/6/04,-356
9/7/04,255
9/8/04,604
9/9/04,56
9/10/04,65
9/11/04,83
9/12/04,369
9/13/04,-231
9/14/04,127
9/15/04,210
9/16/04,61
9/17/04,-298
9/18/04,-212
9/19/04,297
9/20/04,-427
9/21/04,449
9/22/04,11
9/23/04,38
9/24/04,136
9/25/04,-7
9/26/04,6
9/27/04,400
9/28/04,-603
9/29/04,266
9/30/04,162
10/1/04,-91
10/2/04,484
10/3/04,-246
10/4/04,66
10/5/04,247
10/6/04,48
10/7/04,128
10/8/04,156
10/9/04,96
10/10/04,-26
10/11/04,-57
10/12/04,541
10/13/04,-180
10/14/04,-208
10/15/04,114
10/16/04,294
10/17/04,1344
10/18/04,2296
10/19/04,3017
10/20/04,2964
10/21/04,1362
10/22/04,1032
10/23/04,996
10/24/04,1502
10/25/04,1355
10/26/04,2596
10/27/04,1630
10/28/04,1054
10/29/04,1452
10/30/04,865
10/31/04,1209
11/1/04,800
11/2/04,1024
11/3/04,1557
11/4/04,936
11/5/04,1034
11/6/04,664
11/7/04,1175
11/8/04,710
11/9/04,1090
11/10/04,1266
11/11/04,1745
11/12/04,1415
11/13/04,734
11/14/04,1087
11/15/04,1190
11/16/04,602
11/17/04,841
11/18/04,850
11/19/04,647
11/20/04,1250
11/21/04,394
11/22/04,-62
11/23/04,948
11/24/04,443
11/25/04,290
11/26/04,592
11/27/04,1391
11/28/04,1087
11/29/04,485
11/30/04,533
12/1/04,375
12/2/04,481
12/3/04,548
12/4/04,470
12/5/04,361
12/6/04,456
12/7/04,1314
12/8/04,1822
12/9/04,1266
12/10/04,1466
12/11/04,1416
12/12/04,1066
12/13/04,1033
12/14/04,1426
12/15/04,1084
12/16/04,660
12/17/04,798
12/18/04,1034
12/19/04,765
12/20/04,763
12/21/04,696
12/22/04,753
12/23/04,488
12/24/04,43
12/25/04,1012
12/26/04,513
12/27/04,1122
12/28/04,1324
12/29/04,1333
12/30/04,3194
12/31/04,7469
1/1/05,4155
1/2/05,2439
1/3/05,4300
1/4/05,2333
1/5/05,1095
1/6/05,1337
1/7/05,2903
1/8/05,9625
1/9/05,13640
1/10/05,12995
1/11/05,10993
1/12/05,5323
1/13/05,3348
1/14/05,2649
1/15/05,2302
1/16/05,2300
1/17/05,2208
1/18/05,2435
1/19/05,2494
1/20/05,2266
1/21/05,2935
1/22/05,2904
1/23/05,2273
1/24/05,2210
1/25/05,3225
1/26/05,6174
1/27/05,4457
1/28/05,6120
1/29/05,3992
1/30/05,2507
1/31/05,2370
2/1/05,2376
2/2/05,2485
2/3/05,1998
2/4/05,2688
2/5/05,2148
2/6/05,1559
2/7/05,1824
2/8/05,1692
2/9/05,2074
2/10/05,1621
2/11/05,1304
2/12/05,2699
2/13/05,1721
2/14/05,2293
2/15/05,3166
2/16/05,6524
2/17/05,4423
2/18/05,4708
2/19/05,6530
2/20/05,8393
2/21/05,5462
2/22/05,4641
2/23/05,4194
2/24/05,3585
2/25/05,2946
2/26/05,3302
2/27/05,3218
2/28/05,4543
3/1/05,3483
3/2/05,3621
3/3/05,3534
3/4/05,3518
3/5/05,2899
3/6/05,3032
3/7/05,2553
3/8/05,3519
3/9/05,3752
3/10/05,4623
3/11/05,4599
3/12/05,5054
3/13/05,4999
3/14/05,4645
3/15/05,4101
3/16/05,2947
3/17/05,3351
3/18/05,2684
3/19/05,4466
3/20/05,5005
3/21/05,5106
3/22/05,12259
3/23/05,15564
3/24/05,8008
3/25/05,5430
3/26/05,4969
3/27/05,5513
3/28/05,9535
3/29/05,6388
3/30/05,5218
3/31/05,4668
4/1/05,4766
4/2/05,4968
4/3/05,4884
4/4/05,4769
4/5/05,4380
4/6/05,5121
4/7/05,6088
4/8/05,5178
4/9/05,5181
4/10/05,4226
4/11/05,4719
4/12/05,4972
4/13/05,4995
4/14/05,4441
4/15/05,4575
4/16/05,5452
4/17/05,6232
4/18/05,6595
4/19/05,5942
4/20/05,4977
4/21/05,3904
4/22/05,4796
4/23/05,4631
4/24/05,4767
4/25/05,4078
4/26/05,5304
4/27/05,6114
4/28/05,6230
4/29/05,5222
4/30/05,6056
5/1/05,7341
5/2/05,6789
5/3/05,7117
5/4/05,7858
5/5/05,10951
5/6/05,7951
5/7/05,6298
5/8/05,7368
5/9/05,15366
5/10/05,8434
5/11/05,7021
5/12/05,7078
5/13/05,8228
5/14/05,10022
5/15/05,12151
5/16/05,29834
5/17/05,16763
5/18/05,15368
5/19/05,16662
5/20/05,19089
5/21/05,17760
5/22/05,17302
5/23/05,18792
5/24/05,17820
5/25/05,17215
5/26/05,22172
5/27/05,20266
5/28/05,19844
5/29/05,16153
5/30/05,13038
5/31/05,15074
6/1/05,15936
6/2/05,13398
6/3/05,13003
6/4/05,12307
6/5/05,12211
6/6/05,10616
6/7/05,7793
6/8/05,7770
6/9/05,7581
6/10/05,8669
6/11/05,10013
6/12/05,9986
6/13/05,11341
6/14/05,13006
6/15/05,12968
6/16/05,12299
6/17/05,9604
6/18/05,6813
6/19/05,6766
6/20/05,7675
6/21/05,8966
6/22/05,8977
6/23/05,9584
6/24/05,9140
6/25/05,8116
6/26/05,7744
6/27/05,8125
6/28/05,6874
6/29/05,8500
6/30/05,8802
7/1/05,9117
7/2/05,9068
7/3/05,8123
7/4/05,6993
7/5/05,6908
7/6/05,7203
7/7/05,7111
7/8/05,6766
7/9/05,6038
7/10/05,5716
7/11/05,4962
7/12/05,5234
7/13/05,4541
7/14/05,4556
7/15/05,3763
7/16/05,3329
7/17/05,3068
7/18/05,3424
7/19/05,2617
7/20/05,2452
7/21/05,2671
7/22/05,1828
7/23/05,2497
7/24/05,2011
7/25/05,1296
7/26/05,1395
7/27/05,1125
7/28/05,1335
7/29/05,842
7/30/05,1362
7/31/05,1353
8/1/05,702
8/2/05,1034
8/3/05,732
8/4/05,1165
8/5/05,496
8/6/05,748
8/7/05,777
8/8/05,596
8/9/05,607
8/10/05,597
8/11/05,494
8/12/05,552
8/13/05,983
8/14/05,336
8/15/05,766
8/16/05,425
8/17/05,702
8/18/05,785
8/19/05,-1225
8/20/05,-670
8/21/05,793
8/22/05,2024
8/23/05,1677
8/24/05,256
8/25/05,609
8/26/05,66
8/27/05,810
8/28/05,137
8/29/05,574
8/30/05,323
8/31/05,31
9/1/05,768
9/2/05,10
9/3/05,617
9/4/05,83
9/5/05,304
9/6/05,223
9/7/05,572
9/8/05,-180
9/9/05,404
9/10/05,453
9/11/05,264
9/12/05,-123
9/13/05,433
9/14/05,223
9/15/05,-108
9/16/05,325
9/17/05,-100
9/18/05,326
9/19/05,363
9/20/05,479
9/21/05,586
9/22/05,33
9/23/05,70
9/24/05,484
9/25/05,212
9/26/05,488
9/27/05,-102
9/28/05,719
9/29/05,111
9/30/05,202
10/1/05,-63
10/2/05,224
10/3/05,7
10/4/05,323
10/5/05,339
10/6/05,-261
10/7/05,325
10/8/05,399
10/9/05,162
10/10/05,11
10/11/05,84
10/12/05,208
10/13/05,148
10/14/05,-221
10/15/05,130
10/16/05,241
10/17/05,150
10/18/05,67
10/19/05,139
10/20/05,256
10/21/05,267
10/22/05,404
10/23/05,-189
10/24/05,-16
10/25/05,172
10/26/05,365
10/27/05,931
10/28/05,207
10/29/05,486
10/30/05,-131
10/31/05,541
11/1/05,-47
11/2/05,267
11/3/05,49
11/4/05,379
11/5/05,-112
11/6/05,490
11/7/05,-170
11/8/05,586
11/9/05,448
11/10/05,-27
11/11/05,462
11/12/05,41
11/13/05,595
11/14/05,-281
11/15/05,174
11/16/05,344
11/17/05,-136
11/18/05,282
11/19/05,278
11/20/05,224
11/21/05,241
11/22/05,-275
11/23/05,298
11/24/05,-96
11/25/05,501
11/26/05,460
11/27/05,-145
11/28/05,402
11/29/05,1391
11/30/05,1519
12/1/05,5304
12/2/05,7606
12/3/05,1627
12/4/05,1380
12/5/05,725
12/6/05,876
12/7/05,1036
12/8/05,404
12/9/05,915
12/10/05,962
12/11/05,649
12/12/05,487
12/13/05,198
12/14/05,130
12/15/05,533
12/16/05,210
12/17/05,455
12/18/05,3065
12/19/05,3762
12/20/05,1948
12/21/05,1992
12/22/05,7261
12/23/05,5893
12/24/05,3163
12/25/05,3467
12/26/05,6444
12/27/05,2813
12/28/05,7675
12/29/05,5534
12/30/05,7926
12/31/05,43433
1/1/06,12109
1/2/06,21732
1/3/06,9985
1/4/06,5549
1/5/06,5171
1/6/06,4136
1/7/06,4255
1/8/06,3647
1/9/06,2993
1/10/06,2689
1/11/06,2089
1/12/06,2275
1/13/06,2650
1/14/06,3411
1/15/06,3105
1/16/06,2357
1/17/06,2512
1/18/06,4014
1/19/06,3038
1/20/06,2309
1/21/06,2462
1/22/06,1959
1/23/06,1187
1/24/06,1867
1/25/06,1612
1/26/06,1253
1/27/06,1511
1/28/06,1652
1/29/06,1981
1/30/06,1696
1/31/06,2158
2/1/06,2133
2/2/06,2626
2/3/06,3779
2/4/06,2579
2/5/06,2568
2/6/06,1721
2/7/06,1791
2/8/06,2022
2/9/06,1969
2/10/06,1939
2/11/06,1786
2/12/06,2223
2/13/06,1912
2/14/06,2064
2/15/06,1630
2/16/06,1532
2/17/06,1800
2/18/06,975
2/19/06,1573
2/20/06,1515
2/21/06,878
2/22/06,1395
2/23/06,1253
2/24/06,1072
2/25/06,899
2/26/06,1375
2/27/06,10280
2/28/06,22016
3/1/06,7808
3/2/06,5694
3/3/06,6247
3/4/06,4385
3/5/06,4326
3/6/06,5931
3/7/06,4649
3/8/06,4128
3/9/06,3260
3/10/06,3985
3/11/06,3952
3/12/06,2805
3/13/06,3114
3/14/06,4529
3/15/06,3531
3/16/06,2891
3/17/06,6107
3/18/06,3879
3/19/06,3337
3/20/06,3782
3/21/06,3457
3/22/06,2519
3/23/06,3166
3/24/06,3122
3/25/06,9058
3/26/06,5749
3/27/06,5412
3/28/06,7746
3/29/06,7025
3/30/06,5345
3/31/06,6689
4/1/06,7224
4/2/06,5318
4/3/06,20480
4/4/06,34098
4/5/06,19499
4/6/06,8093
4/7/06,9753
4/8/06,10311
4/9/06,7040
4/10/06,7412
4/11/06,6607
4/12/06,7096
4/13/06,7461
4/14/06,8107
4/15/06,8851
4/16/06,10036
4/17/06,11045
4/18/06,7655
4/19/06,7317
4/20/06,8253
4/21/06,8001
4/22/06,8717
4/23/06,7078
4/24/06,6549
4/25/06,5598
4/26/06,9234
4/27/06,12108
4/28/06,13614
4/29/06,15703
4/30/06,15637
5/1/06,14414
5/2/06,14519
5/3/06,14157
5/4/06,13250
5/5/06,12235
5/6/06,12792
5/7/06,12718
5/8/06,14008
5/9/06,14355
5/10/06,14336
5/11/06,15088
5/12/06,14393
5/13/06,15346
5/14/06,15655
5/15/06,16875
5/16/06,17442
5/17/06,18143
5/18/06,19105
5/19/06,18798
5/20/06,19006
5/21/06,16371
5/22/06,14583
5/23/06,7995
5/24/06,9810
5/25/06,12284
5/26/06,11871
5/27/06,10553
5/28/06,6775
5/29/06,6170
5/30/06,7527
5/31/06,9966
6/1/06,11633
6/2/06,12773
6/3/06,13840
6/4/06,15248
6/5/06,14205
6/6/06,15386
6/7/06,15883
6/8/06,13421
6/9/06,12659
6/10/06,12307
6/11/06,11014
6/12/06,11110
6/13/06,9958
6/14/06,7303
6/15/06,7850
6/16/06,8205
6/17/06,10407
6/18/06,9560
6/19/06,9976
6/20/06,10029
6/21/06,10016
6/22/06,10131
6/23/06,10418
6/24/06,10228
6/25/06,10010
6/26/06,9566
6/27/06,8132
6/28/06,8283
6/29/06,7729
6/30/06,7488
7/1/06,6670
7/2/06,6600
7/3/06,6361
7/4/06,5432
7/5/06,5613
7/6/06,5161
7/7/06,4497
7/8/06,4367
7/9/06,4175
7/10/06,3674
7/11/06,3729
7/12/06,3870
7/13/06,2986
7/14/06,2859
7/15/06,2723
7/16/06,2180
7/17/06,2571
7/18/06,2409
7/19/06,2702
7/20/06,3030
7/21/06,2718
7/22/06,2165
7/23/06,2381
7/24/06,2535
7/25/06,1826
7/26/06,1409
7/27/06,1664
7/28/06,1224
7/29/06,889
7/30/06,1177
7/31/06,818
8/1/06,789
8/2/06,628
8/3/06,750
8/4/06,642
8/5/06,522
8/6/06,984
8/7/06,374
8/8/06,702
8/9/06,732
8/10/06,607
8/11/06,649
8/12/06,203
8/13/06,400
8/14/06,-147
8/15/06,810
8/16/06,337
8/17/06,302
8/18/06,222
8/19/06,231
8/20/06,-664
8/21/06,-1702
8/22/06,655
8/23/06,1715
8/24/06,1555
8/25/06,119
8/26/06,782
8/27/06,370
8/28/06,-59
8/29/06,522
8/30/06,26
8/31/06,62
9/1/06,343
9/2/06,593
9/3/06,-234
9/4/06,391
9/5/06,472
9/6/06,-103
9/7/06,186
9/8/06,-4
9/9/06,333
9/10/06,483
9/11/06,247
9/12/06,-104
9/13/06,273
9/14/06,-30
9/15/06,-14
9/16/06,725
9/17/06,-277
9/18/06,390
9/19/06,-155
9/20/06,-12
9/21/06,577
9/22/06,-42
9/23/06,82
9/24/06,256
9/25/06,-13
9/26/06,510
9/27/06,-53
9/28/06,-150
9/29/06,518
9/30/06,-252
10/1/06,475
10/2/06,326
10/3/06,-59
10/4/06,360
10/5/06,423
10/6/06,233
10/7/06,578
10/8/06,-11
10/9/06,574
10/10/06,-79
10/11/06,303
10/12/06,-150
10/13/06,387
10/14/06,-159
10/15/06,-201
10/16/06,106
10/17/06,294
10/18/06,63
10/19/06,60
10/20/06,187
10/21/06,374
10/22/06,-41
10/23/06,148
10/24/06,267
10/25/06,-214
10/26/06,329
10/27/06,-251
10/28/06,544
10/29/06,-244
10/30/06,340
10/31/06,-76
11/1/06,382
11/2/06,6
11/3/06,335
11/4/06,-56
11/5/06,483
11/6/06,-219
11/7/06,319
11/8/06,-93
11/9/06,401
11/10/06,-144
11/11/06,469
11/12/06,25
11/13/06,1093
11/14/06,1818
11/15/06,689
11/16/06,437
11/17/06,386
11/18/06,-221
11/19/06,556
11/20/06,7
11/21/06,480
11/22/06,-38
11/23/06,154
11/24/06,306
11/25/06,-230
11/26/06,278
11/27/06,375
11/28/06,319
11/29/06,-234
11/30/06,219
12/1/06,246
12/2/06,344
12/3/06,-158
12/4/06,292
12/5/06,196
12/6/06,244
12/7/06,-338
12/8/06,251
12/9/06,957
12/10/06,1059
12/11/06,403
12/12/06,601
12/13/06,705
12/14/06,802
12/15/06,599
12/16/06,749
12/17/06,545
12/18/06,346
12/19/06,397
12/20/06,341
12/21/06,496
12/22/06,846
12/23/06,593
12/24/06,543
12/25/06,39
12/26/06,489
12/27/06,2153
12/28/06,285
12/29/06,892
12/30/06,-17
12/31/06,642
1/1/07,671
1/2/07,-85
1/3/07,521
1/4/07,2655
1/5/07,1245
1/6/07,390
1/7/07,642
1/8/07,891
1/9/07,331
1/10/07,125
1/11/07,323
1/12/07,120
1/13/07,69
1/14/07,473
1/15/07,171
1/16/07,-195
1/17/07,797
1/18/07,172
1/19/07,430
1/20/07,-25
1/21/07,369
1/22/07,545
1/23/07,-50
1/24/07,606
1/25/07,94
1/26/07,676
1/27/07,471
1/28/07,478
1/29/07,-4
1/30/07,386
1/31/07,601
2/1/07,249
2/2/07,-4
2/3/07,471
2/4/07,431
2/5/07,273
2/6/07,276
2/7/07,934
2/8/07,589
2/9/07,1422
2/10/07,4555
2/11/07,7431
2/12/07,2801
2/13/07,1357
2/14/07,1238
2/15/07,1196
2/16/07,1315
2/17/07,1292
2/18/07,1484
2/19/07,1123
2/20/07,972
2/21/07,448
2/22/07,1714
2/23/07,1063
2/24/07,1347
2/25/07,2898
2/26/07,2908
2/27/07,5410
2/28/07,2419
3/1/07,1642
3/2/07,1217
3/3/07,1967
3/4/07,1514
3/5/07,1420
3/6/07,1707
3/7/07,1935
3/8/07,2016
3/9/07,1919
3/10/07,2255
3/11/07,2075
3/12/07,2408
3/13/07,3131
3/14/07,2773
3/15/07,3287
3/16/07,3571
3/17/07,3538
3/18/07,3601
3/19/07,3279
3/20/07,3526
3/21/07,2957
3/22/07,2157
3/23/07,2418
3/24/07,2290
3/25/07,2444
3/26/07,3292
3/27/07,2709
3/28/07,2833
3/29/07,1580
3/30/07,2280
3/31/07,1954
4/1/07,2313
4/2/07,2717
4/3/07,2764
4/4/07,2902
4/5/07,3388
4/6/07,3627
4/7/07,4172
4/8/07,4312
4/9/07,3735
4/10/07,3174
4/11/07,3110
4/12/07,2585
4/13/07,2284
4/14/07,2432
4/15/07,2294
4/16/07,1469
4/17/07,2263
4/18/07,2251
4/19/07,1499
4/20/07,1491
4/21/07,1264
4/22/07,3493
4/23/07,2260
4/24/07,2796
4/25/07,3167
4/26/07,3537
4/27/07,4334
4/28/07,4646
4/29/07,5616
4/30/07,5828
5/1/07,5272
5/2/07,5594
5/3/07,3858
5/4/07,3625
5/5/07,3088
5/6/07,2440
5/7/07,2552
5/8/07,3033
5/9/07,4277
5/10/07,5251
5/11/07,5467
5/12/07,6034
5/13/07,4754
5/14/07,5185
5/15/07,4905
5/16/07,5098
5/17/07,5123
5/18/07,4176
5/19/07,4452
5/20/07,3969
5/21/07,3792
5/22/07,4947
5/23/07,3169
5/24/07,2964
5/25/07,2606
5/26/07,2953
5/27/07,3490
5/28/07,2503
5/29/07,3573
5/30/07,3094
5/31/07,2933
6/1/07,2455
6/2/07,2961
6/3/07,2011
6/4/07,2102
6/5/07,1678
6/6/07,1806
6/7/07,1076
6/8/07,1152
6/9/07,1198
6/10/07,1231
6/11/07,907
6/12/07,1183
6/13/07,967
6/14/07,1280
6/15/07,1047
6/16/07,851
6/17/07,1227
6/18/07,480
6/19/07,704
6/20/07,951
6/21/07,523
6/22/07,702
6/23/07,244
6/24/07,573
6/25/07,46
6/26/07,841
6/27/07,123
6/28/07,75
6/29/07,444
6/30/07,576
7/1/07,246
7/2/07,543
7/3/07,443
7/4/07,95
7/5/07,457
7/6/07,347
7/7/07,371
7/8/07,-60
7/9/07,665
7/10/07,114
7/11/07,89
7/12/07,121
7/13/07,483
7/14/07,296
7/15/07,250
7/16/07,-51
7/17/07,279
7/18/07,129
7/19/07,291
7/20/07,369
7/21/07,394
7/22/07,-70
7/23/07,401
7/24/07,99
7/25/07,499
7/26/07,263
7/27/07,-96
7/28/07,270
7/29/07,483
7/30/07,-55
7/31/07,524
8/1/07,-17
8/2/07,27
8/3/07,238
8/4/07,368
8/5/07,42
8/6/07,-73
8/7/07,-1
8/8/07,551
8/9/07,-283
8/10/07,130
8/11/07,628
8/12/07,331
8/13/07,-167
8/14/07,-42
8/15/07,163
8/16/07,30
8/17/07,247
8/18/07,158
8/19/07,94
8/20/07,151
8/21/07,223
8/22/07,549
8/23/07,95
8/24/07,-31
8/25/07,199
8/26/07,517
8/27/07,178
8/28/07,-177
8/29/07,328
8/30/07,169
8/31/07,526
9/1/07,17
9/2/07,294
9/3/07,-128
9/4/07,162
9/5/07,62
9/6/07,10
9/7/07,522
9/8/07,-185
9/9/07,426
9/10/07,92
9/11/07,-306
9/12/07,339
9/13/07,-215
9/14/07,49
9/15/07,58
9/16/07,-31
9/17/07,-123
9/18/07,428
9/19/07,-58
9/20/07,-229
9/21/07,-89
9/22/07,142
9/23/07,671
9/24/07,137
9/25/07,-469
9/26/07,605
9/27/07,44
9/28/07,-67
9/29/07,72
9/30/07,-171
10/1/07,-1444
10/2/07,1151
10/3/07,-27
10/4/07,293
10/5/07,-213
10/6/07,228
10/7/07,-49
10/8/07,191
10/9/07,49
10/10/07,-162
10/11/07,551
10/12/07,329
10/13/07,-45
10/14/07,275
10/15/07,-140
10/16/07,106
10/17/07,5
10/18/07,582
10/19/07,326
10/20/07,-153
10/21/07,349
10/22/07,360
10/23/07,-125
10/24/07,128
10/25/07,360
10/26/07,-125
10/27/07,128
10/28/07,24
10/29/07,354
10/30/07,536
10/31/07,-58
11/1/07,-171
11/2/07,359
11/3/07,-82
11/4/07,-18
11/5/07,41
11/6/07,-106
11/7/07,549
11/8/07,-39
11/9/07,-70
11/10/07,81
11/11/07,445
11/12/07,-22
11/13/07,511
11/14/07,-97
11/15/07,6
11/16/07,152
11/17/07,162
11/18/07,-1
11/19/07,-76
11/20/07,-163
11/21/07,372
11/22/07,-73
11/23/07,-143
11/24/07,-103
11/25/07,380
11/26/07,-14
11/27/07,-133
11/28/07,174
11/29/07,180
11/30/07,-317
12/1/07,142
12/2/07,21
12/3/07,184
12/4/07,290
12/5/07,-175
12/6/07,273
12/7/07,1005
12/8/07,275
12/9/07,322
12/10/07,242
12/11/07,-280
12/12/07,217
12/13/07,223
12/14/07,191
12/15/07,235
12/16/07,-299
12/17/07,317
12/18/07,1166
12/19/07,713
12/20/07,966
12/21/07,577
12/22/07,229
12/23/07,320
12/24/07,-106
12/25/07,400
12/26/07,304
12/27/07,322
12/28/07,310
12/29/07,482
12/30/07,315
12/31/07,-94
1/1/08,667
1/2/08,-140
1/3/08,241
1/4/08,2486
1/5/08,5266
1/6/08,3354
1/7/08,1404
1/8/08,-144
1/9/08,1046
1/10/08,937
1/11/08,519
1/12/08,564
1/13/08,332
1/14/08,779
1/15/08,400
1/16/08,290
1/17/08,611
1/18/08,237
1/19/08,496
1/20/08,148
1/21/08,528
1/22/08,932
1/23/08,2760
1/24/08,2943
1/25/08,873
1/26/08,1047
1/27/08,2285
1/28/08,4255
1/29/08,1822
1/30/08,1539
1/31/08,712
2/1/08,1758
2/2/08,998
2/3/08,4034
2/4/08,1961
2/5/08,1374
2/6/08,1037
2/7/08,1155
2/8/08,462
2/9/08,957
2/10/08,787
2/11/08,1502
2/12/08,1205
2/13/08,983
2/14/08,1203
2/15/08,916
2/16/08,1198
2/17/08,752
2/18/08,998
2/19/08,1188
2/20/08,1819
2/21/08,1245
2/22/08,1449
2/23/08,2558
2/24/08,6327
2/25/08,5026
2/26/08,2900
2/27/08,1852
2/28/08,1139
2/29/08,2888
3/1/08,1798
3/2/08,2142
3/3/08,2303
3/4/08,1324
3/5/08,1404
3/6/08,1805
3/7/08,1356
3/8/08,1595
3/9/08,1396
3/10/08,1784
3/11/08,2499
3/12/08,1742
3/13/08,2307
3/14/08,3880
3/15/08,2923
3/16/08,1591
3/17/08,2158
3/18/08,1129
3/19/08,1758
3/20/08,1859
3/21/08,1840
3/22/08,1910
3/23/08,2246
3/24/08,2043
3/25/08,3000
3/26/08,2521
3/27/08,2207
3/28/08,2462
3/29/08,1601
3/30/08,2027
3/31/08,1735
4/1/08,1708
4/2/08,2063
4/3/08,1391
4/4/08,2081
4/5/08,2138
4/6/08,1628
4/7/08,2912
4/8/08,2014
4/9/08,2334
4/10/08,1863
4/11/08,2360
4/12/08,3255
4/13/08,3713
4/14/08,4243
4/15/08,4505
4/16/08,4095
4/17/08,2991
4/18/08,4025
4/19/08,4239
4/20/08,3463
4/21/08,2972
4/22/08,2269
4/23/08,2812
4/24/08,2455
4/25/08,2030
4/26/08,2681
4/27/08,4333
4/28/08,6046
4/29/08,5923
4/30/08,6471
5/1/08,5157
5/2/08,4431
5/3/08,4505
5/4/08,4738
5/5/08,4580
5/6/08,4621
5/7/08,5713
5/8/08,6262
5/9/08,5943
5/10/08,5587
5/11/08,5320
5/12/08,7023
5/13/08,5928
5/14/08,4612
5/15/08,6812
5/16/08,10642
5/17/08,11210
5/18/08,11164
5/19/08,10623
5/20/08,9145
5/21/08,8319
5/22/08,6737
5/23/08,4703
5/24/08,3572
5/25/08,3938
5/26/08,3933
5/27/08,3096
5/28/08,4326
5/29/08,2681
5/30/08,2852
5/31/08,3209
6/1/08,3756
6/2/08,4109
6/3/08,5028
6/4/08,4993
6/5/08,4876
6/6/08,4549
6/7/08,4966
6/8/08,4968
6/9/08,4969
6/10/08,4893
6/11/08,5484
6/12/08,3833
6/13/08,4051
6/14/08,3813
6/15/08,3878
6/16/08,4401
6/17/08,3399
6/18/08,2315
6/19/08,3011
6/20/08,2396
6/21/08,2456
6/22/08,2111
6/23/08,2291
6/24/08,2050
6/25/08,2064
6/26/08,2048
6/27/08,1467
6/28/08,1441
6/29/08,1465
6/30/08,1201
7/1/08,1057
7/2/08,1057
7/3/08,663
7/4/08,1091
7/5/08,950
7/6/08,1107
7/7/08,1107
7/8/08,599
7/9/08,260
7/10/08,260
7/11/08,383
7/12/08,383
7/13/08,420
7/14/08,945
7/15/08,505
7/16/08,976
7/17/08,615
7/18/08,615
7/19/08,402
7/20/08,176
7/21/08,569
7/22/08,205
7/23/08,293
7/24/08,263
7/25/08,262
7/26/08,243
7/27/08,214
7/28/08,214
7/29/08,156
7/30/08,131
7/31/08,131
8/1/08,198
8/2/08,197
8/3/08,197
8/4/08,196
8/5/08,-252
8/6/08,130
8/7/08,438
8/8/08,-81
8/9/08,-129
8/10/08,79
8/11/08,372
8/12/08,-381
8/13/08,177
8/14/08,125
8/15/08,-622
8/16/08,196
8/17/08,-83
8/18/08,289
8/19/08,167
8/20/08,151
8/21/08,71
8/22/08,-86
8/23/08,226
8/24/08,373
8/25/08,85
8/26/08,315
8/27/08,-153
8/28/08,251
8/29/08,-3
8/30/08,36
8/31/08,36
9/1/08,81
9/2/08,187
9/3/08,-38
9/4/08,-184
9/5/08,437
9/6/08,276
9/7/08,-246
9/8/08,-244
9/9/08,90
9/10/08,317
9/11/08,-52
9/12/08,145
9/13/08,155
9/14/08,-156
9/15/08,143
9/16/08,81
9/17/08,288
9/18/08,116
9/19/08,-161
9/20/08,19
9/21/08,53
9/22/08,286
9/23/08,-169
9/24/08,-136
9/25/08,322
9/26/08,18
9/27/08,25
9/28/08,355
9/29/08,215
9/30/08,-217
10/1/08,191
10/2/08,-186
10/3/08,400
10/4/08,160
10/5/08,486
10/6/08,40
10/7/08,-282
10/8/08,351
10/9/08,-240
10/10/08,20
10/11/08,238
10/12/08,-267
10/13/08,88
10/14/08,147
10/15/08,-130
10/16/08,-22
10/17/08,255
10/18/08,-236
10/19/08,118
10/20/08,-140
10/21/08,160
10/22/08,244
10/23/08,72
10/24/08,-213
10/25/08,330
10/26/08,-322
10/27/08,279
10/28/08,635
10/29/08,-486
10/30/08,68
10/31/08,416
11/1/08,382
11/2/08,6286
11/3/08,3237
11/4/08,1966
11/5/08,1463
11/6/08,776
11/7/08,773
11/8/08,1175
11/9/08,1056
11/10/08,1555
11/11/08,919
11/12/08,574
11/13/08,1146
11/14/08,856
11/15/08,975
11/16/08,1096
11/17/08,823
11/18/08,972
11/19/08,508
11/20/08,494
11/21/08,703
11/22/08,253
11/23/08,207
11/24/08,339
11/25/08,294
11/26/08,489
11/27/08,220
11/28/08,655
11/29/08,297
11/30/08,518
12/1/08,122
12/2/08,126
12/3/08,154
12/4/08,470
12/5/08,325
12/6/08,298
12/7/08,198
12/8/08,198
12/9/08,107
12/10/08,27
12/11/08,167
12/12/08,167
12/13/08,-178
12/14/08,261
12/15/08,663
12/16/08,466
12/17/08,47
12/18/08,208
12/19/08,512
12/20/08,456
12/21/08,427
12/22/08,1028
12/23/08,916
12/24/08,597
12/25/08,1629
12/26/08,1229
12/27/08,295
12/28/08,367
12/29/08,1048
12/30/08,715
12/31/08,797
1/1/09,358
1/2/09,1217
1/3/09,665
1/4/09,685
1/5/09,1290
1/6/09,835
1/7/09,570
1/8/09,1149
1/9/09,642
1/10/09,957
1/11/09,1327
1/12/09,123
1/13/09,129
1/14/09,570
1/15/09,1014
1/16/09,604
1/17/09,937
1/18/09,621
1/19/09,970
1/20/09,639
1/21/09,479
1/22/09,724
1/23/09,7453
1/24/09,11094
1/25/09,6866
1/26/09,3313
1/27/09,2034
1/28/09,2050
1/29/09,1131
1/30/09,1600
1/31/09,1072
2/1/09,1622
2/2/09,1502
2/3/09,1062
2/4/09,1380
2/5/09,1540
2/6/09,1421
2/7/09,1644
2/8/09,1571
2/9/09,1577
2/10/09,1099
2/11/09,1576
2/12/09,732
2/13/09,2440
2/14/09,2222
2/15/09,1744
2/16/09,1506
2/17/09,2477
2/18/09,2205
2/19/09,1400
2/20/09,1692
2/21/09,971
2/22/09,2133
2/23/09,5791
2/24/09,6900
2/25/09,3160
2/26/09,3080
2/27/09,2711
2/28/09,2405
3/1/09,1520
3/2/09,6194
3/3/09,11621
3/4/09,14235
3/5/09,5280
3/6/09,3575
3/7/09,3105
3/8/09,2616
3/9/09,2071
3/10/09,2167
3/11/09,2124
3/12/09,2119
3/13/09,1914
3/14/09,1803
3/15/09,2244
3/16/09,1994
3/17/09,2512
3/18/09,3000
3/19/09,2994
3/20/09,3514
3/21/09,4377
3/22/09,4187
3/23/09,3497
3/24/09,2972
3/25/09,2832
3/26/09,3120
3/27/09,2890
3/28/09,3134
3/29/09,3962
3/30/09,3688
3/31/09,3860
4/1/09,3419
4/2/09,4214
4/3/09,3120
4/4/09,4466
4/5/09,3148
4/6/09,2754
4/7/09,3343
4/8/09,4344
4/9/09,3410
4/10/09,3901
4/11/09,3002
4/12/09,2805
4/13/09,2757
4/14/09,3136
4/15/09,3580
4/16/09,2772
4/17/09,3103
4/18/09,2785
4/19/09,4135
4/20/09,6441
4/21/09,7179
4/22/09,8701
4/23/09,9092
4/24/09,7906
4/25/09,6265
4/26/09,3939
4/27/09,4070
4/28/09,4210
4/29/09,4228
4/30/09,4756
5/1/09,5553
5/2/09,17280
5/3/09,12944
5/4/09,11797
5/5/09,7500
5/6/09,7327
5/7/09,8139
5/8/09,8973
5/9/09,8244
5/10/09,9008
5/11/09,9513
5/12/09,9028
5/13/09,9423
5/14/09,8818
5/15/09,8957
5/16/09,10776
5/17/09,11454
5/18/09,13322
5/19/09,11279
5/20/09,10262
5/21/09,9469
5/22/09,7565
5/23/09,8726
5/24/09,8923
5/25/09,7848
5/26/09,7776
5/27/09,8715
5/28/09,7102
5/29/09,5834
5/30/09,5926
5/31/09,6437
6/1/09,7535
6/2/09,6296
6/3/09,5507
6/4/09,4521
6/5/09,4416
6/6/09,3873
6/7/09,3977
6/8/09,2995
6/9/09,4455
6/10/09,4225
6/11/09,3224
6/12/09,3537
6/13/09,2830
6/14/09,3399
6/15/09,3234
6/16/09,3625
6/17/09,3582
6/18/09,3623
6/19/09,4324
6/20/09,5230
6/21/09,3805
6/22/09,3216
6/23/09,2849
6/24/09,3384
6/25/09,2909
6/26/09,2969
6/27/09,2969
6/28/09,2696
6/29/09,2169
6/30/09,2829
7/1/09,1828
7/2/09,2299
7/3/09,1929
7/4/09,1523
7/5/09,1497
7/6/09,1655
7/7/09,1250
7/8/09,1078
7/9/09,883
7/10/09,971
7/11/09,939
7/12/09,939
7/13/09,1015
7/14/09,1015
7/15/09,770
7/16/09,804
7/17/09,804
7/18/09,543
7/19/09,410
7/20/09,606
7/21/09,606
7/22/09,462
7/23/09,463
7/24/09,293
7/25/09,293
7/26/09,296
7/27/09,310
7/28/09,320
7/29/09,330
7/30/09,-254
7/31/09,-324
8/1/09,142
8/2/09,123
8/3/09,127
8/4/09,127
8/5/09,127
8/6/09,127
8/7/09,127
8/8/09,127
8/9/09,127
8/10/09,164
8/11/09,171
8/12/09,171
8/13/09,125
8/14/09,125
8/15/09,131
8/16/09,132
8/17/09,145
8/18/09,145
8/19/09,145
8/20/09,145
8/21/09,216
8/22/09,216
8/23/09,217
8/24/09,133
8/25/09,133
8/26/09,134
8/27/09,157
8/28/09,157
8/29/09,151
8/30/09,151
8/31/09,-119
9/1/09,297
9/2/09,-90
9/3/09,36
9/4/09,36
9/5/09,324
9/6/09,258
9/7/09,326
9/8/09,-78
9/9/09,7
9/10/09,172
9/11/09,381
9/12/09,-215
9/13/09,464
9/14/09,-91
9/15/09,270
9/16/09,-69
9/17/09,380
9/18/09,-186
9/19/09,-84
9/20/09,170
9/21/09,637
9/22/09,-386
9/23/09,21
9/24/09,46
9/25/09,331
9/26/09,327
9/27/09,201
9/28/09,-311
9/29/09,-13
9/30/09,123
10/1/09,-294
10/2/09,89
10/3/09,137
10/4/09,-391
10/5/09,277
10/6/09,-77
10/7/09,125
10/8/09,49
10/9/09,-286
10/10/09,363
10/11/09,-37
10/12/09,-190
10/13/09,560
10/14/09,9934
10/15/09,4543
10/16/09,1801
10/17/09,1661
10/18/09,843
10/19/09,1771
10/20/09,649
10/21/09,1175
10/22/09,591
10/23/09,853
10/24/09,433
10/25/09,730
10/26/09,652
10/27/09,413
10/28/09,394
10/29/09,222
10/30/09,222
10/31/09,172
11/1/09,301
11/2/09,302
11/3/09,454
11/4/09,-223
11/5/09,766
11/6/09,-396
11/7/09,241
11/8/09,194
11/9/09,245
11/10/09,158
11/11/09,24
11/12/09,411
11/13/09,-227
11/14/09,209
11/15/09,492
11/16/09,318
11/17/09,-276
11/18/09,625
11/19/09,5
11/20/09,140
11/21/09,280
11/22/09,-123
11/23/09,568
11/24/09,258
11/25/09,90
11/26/09,-75
11/27/09,202
11/28/09,63
11/29/09,285
11/30/09,195
12/1/09,98
12/2/09,349
12/3/09,104
12/4/09,-32
12/5/09,97
12/6/09,6
12/7/09,407
12/8/09,16
12/9/09,334
12/10/09,-173
12/11/09,856
12/12/09,1792
12/13/09,2956
12/14/09,954
12/15/09,634
12/16/09,809
12/17/09,542
12/18/09,591
12/19/09,988
12/20/09,487
12/21/09,469
12/22/09,1384
12/23/09,809
12/24/09,620
12/25/09,445
12/26/09,946
12/27/09,579
12/28/09,542
12/29/09,214
12/30/09,930
12/31/09,711
1/1/10,337
1/2/10,559
1/3/10,538
1/4/10,895
1/5/10,83
1/6/10,701
1/7/10,147
1/8/10,673
1/9/10,800
1/10/10,528
1/11/10,1196
1/12/10,1438
1/13/10,2109
1/14/10,1348
1/15/10,1721
1/16/10,666
1/17/10,920
1/18/10,2220
1/19/10,3263
1/20/10,3746
1/21/10,3678
1/22/10,4281
1/23/10,2372
1/24/10,1990
1/25/10,1158
1/26/10,1811
1/27/10,1707
1/28/10,1204
1/29/10,965
1/30/10,1618
1/31/10,896
2/1/10,906
2/2/10,979
2/3/10,476
2/4/10,1074
2/5/10,1210
2/6/10,1985
2/7/10,1690
2/8/10,1634
2/9/10,1506
2/10/10,1439
2/11/10,1167
2/12/10,1242
2/13/10,981
2/14/10,1158
2/15/10,1152
2/16/10,1238
2/17/10,1074
2/18/10,1734
2/19/10,1545
2/20/10,1323
2/21/10,1991
2/22/10,1475
2/23/10,1098
2/24/10,3422
2/25/10,3092
2/26/10,3039
2/27/10,8570
2/28/10,3965
3/1/10,3051
3/2/10,3269
3/3/10,3086
3/4/10,4017
3/5/10,2619
3/6/10,2413
3/7/10,1938
3/8/10,1719
3/9/10,1855
3/10/10,1844
3/11/10,1519
3/12/10,2263
3/13/10,3101
3/14/10,2338
3/15/10,2000
3/16/10,2100
3/17/10,2353
3/18/10,2455
3/19/10,2637
3/20/10,2800
3/21/10,2737
3/22/10,2388
3/23/10,2742
3/24/10,3132
3/25/10,2301
3/26/10,2975
3/27/10,2541
3/28/10,2431
3/29/10,2770
3/30/10,3172
3/31/10,4412
4/1/10,2607
4/2/10,2421
4/3/10,2132
4/4/10,2339
4/5/10,3195
4/6/10,2264
4/7/10,2687
4/8/10,2683
4/9/10,3039
4/10/10,3796
4/11/10,3917
4/12/10,4137
4/13/10,4137
4/14/10,3332
4/15/10,3835
4/16/10,2757
4/17/10,3976
4/18/10,4233
4/19/10,4494
4/20/10,6372
4/21/10,6692
4/22/10,5104
4/23/10,4131
4/24/10,4652
4/25/10,4814
4/26/10,6617
4/27/10,7516
4/28/10,8118
4/29/10,5235
4/30/10,4597
5/1/10,4467
5/2/10,5107
5/3/10,6772
5/4/10,6986
5/5/10,7962
5/6/10,6669
5/7/10,7097
5/8/10,7883
5/9/10,7648
5/10/10,7073
5/11/10,5278
5/12/10,5436
5/13/10,7251
5/14/10,5944
5/15/10,6406
5/16/10,7010
5/17/10,9402
5/18/10,7753
5/19/10,5653
5/20/10,7552
5/21/10,9112
5/22/10,7385
5/23/10,3547
5/24/10,4361
5/25/10,4262
5/26/10,4668
5/27/10,4949
5/28/10,4386
5/29/10,4500
5/30/10,4547
5/31/10,7628
6/1/10,8491
6/2/10,9303
6/3/10,11743
6/4/10,12747
6/5/10,16158
6/6/10,18530
6/7/10,20986
6/8/10,17924
6/9/10,16546
6/10/10,14213
6/11/10,10497
6/12/10,8513
6/13/10,8563
6/14/10,7847
6/15/10,10003
6/16/10,11528
6/17/10,8516
6/18/10,7988
6/19/10,7391
6/20/10,8069
6/21/10,7962
6/22/10,8135
6/23/10,7925
6/24/10,8566
6/25/10,7879
6/26/10,7401
6/27/10,9619
6/28/10,8885
6/29/10,8702
6/30/10,6676
7/1/10,5225
7/2/10,4807
7/3/10,4250
7/4/10,4226
7/5/10,4140
7/6/10,3827
7/7/10,3604
7/8/10,4621
7/9/10,3534
7/10/10,2190
7/11/10,3348
7/12/10,2438
7/13/10,3007
7/14/10,2444
7/15/10,1917
7/16/10,2033
7/17/10,2033
7/18/10,1717
7/19/10,2026
7/20/10,1173
7/21/10,1045
7/22/10,1045
7/23/10,1428
7/24/10,909
7/25/10,300
7/26/10,840
7/27/10,1093
7/28/10,1094
7/29/10,656
7/30/10,526
7/31/10,553
8/1/10,-198
8/2/10,755
8/3/10,204
8/4/10,274
8/5/10,456
8/6/10,-60
8/7/10,618
8/8/10,520
8/9/10,93
8/10/10,287
8/11/10,2
8/12/10,371
8/13/10,574
8/14/10,13
8/15/10,283
8/16/10,359
8/17/10,-191
8/18/10,122
8/19/10,404
8/20/10,379
8/21/10,-220
8/22/10,-11
8/23/10,125
8/24/10,908
8/25/10,-436
8/26/10,500
8/27/10,-106
8/28/10,233
8/29/10,179
8/30/10,367
8/31/10,254
9/1/10,-493
9/2/10,552
9/3/10,107
9/4/10,339
9/5/10,-108
9/6/10,281
9/7/10,-18
9/8/10,-10
9/9/10,-39
9/10/10,104
9/11/10,175
9/12/10,91
9/13/10,260
9/14/10,-144
9/15/10,36
9/16/10,294
9/17/10,423
9/18/10,-299
9/19/10,314
9/20/10,43
9/21/10,124
9/22/10,-237
9/23/10,333
9/24/10,-114
9/25/10,3
9/26/10,61
9/27/10,581
9/28/10,307
9/29/10,-112
9/30/10,256
10/1/10,-249
10/2/10,63
10/3/10,49
10/4/10,703
10/5/10,1154
10/6/10,1058
10/7/10,483
10/8/10,-242
10/9/10,323
10/10/10,286
10/11/10,509
10/12/10,-257
10/13/10,513
10/14/10,314
10/15/10,137
10/16/10,324
10/17/10,54
10/18/10,580
10/19/10,66
10/20/10,295
10/21/10,139
10/22/10,261
10/23/10,287
10/24/10,2612
10/25/10,28968
10/26/10,8788
10/27/10,2777
10/28/10,1181
10/29/10,1468
10/30/10,1305
10/31/10,867
11/1/10,954
11/2/10,371
11/3/10,742
11/4/10,750
11/5/10,812
11/6/10,706
11/7/10,1046
11/8/10,2500
11/9/10,1656
11/10/10,1860
11/11/10,1467
11/12/10,876
11/13/10,571
11/14/10,1026
11/15/10,1593
11/16/10,1013
11/17/10,1391
11/18/10,994
11/19/10,652
11/20/10,1778
11/21/10,2360
11/22/10,1803
11/23/10,2905
11/24/10,1718
11/25/10,1499
11/26/10,1361
11/27/10,1895
11/28/10,2042
11/29/10,1274
11/30/10,994
12/1/10,1305
12/2/10,1516
12/3/10,1582
12/4/10,1673
12/5/10,2092
12/6/10,3933
12/7/10,2466
12/8/10,2074
12/9/10,2512
12/10/10,4304
12/11/10,5230
12/12/10,3335
12/13/10,2348
12/14/10,3262
12/15/10,4338
12/16/10,3524
12/17/10,2871
12/18/10,16139
12/19/10,22769
12/20/10,17072
12/21/10,7244
12/22/10,5292
12/23/10,5446
12/24/10,3701
12/25/10,5074
12/26/10,5367
12/27/10,3122
12/28/10,3852
12/29/10,16056
12/30/10,5743
12/31/10,4376
1/1/11,3446
1/2/11,8412
1/3/11,5923
1/4/11,3505
1/5/11,2958
1/6/11,2918
1/7/11,2681
1/8/11,2731
1/9/11,2227
1/10/11,2205
1/11/11,1598
1/12/11,2009
1/13/11,2150
1/14/11,1763
1/15/11,1767
1/16/11,2562
1/17/11,3724
1/18/11,3479
1/19/11,2786
1/20/11,2889
1/21/11,2999
1/22/11,2353
1/23/11,2803
1/24/11,1967
1/25/11,2034
1/26/11,2228
1/27/11,1968
1/28/11,2288
1/29/11,1852
1/30/11,2179
1/31/11,2205
2/1/11,1624
2/2/11,2157
2/3/11,1241
2/4/11,1830
2/5/11,1737
2/6/11,1272
2/7/11,2111
2/8/11,1911
2/9/11,1737
2/10/11,1770
2/11/11,1591
2/12/11,1499
2/13/11,1494
2/14/11,834
2/15/11,2180
2/16/11,2639
2/17/11,2347
2/18/11,6617
2/19/11,7911
2/20/11,3893
2/21/11,2725
2/22/11,2245
2/23/11,2359
2/24/11,1863
2/25/11,4351
2/26/11,3105
2/27/11,2822
2/28/11,2099
3/1/11,1932
3/2/11,2371
3/3/11,4778
3/4/11,3686
3/5/11,3087
3/6/11,3587
3/7/11,8833
3/8/11,4843
3/9/11,4552
3/10/11,3931
3/11/11,3901
3/12/11,4370
3/13/11,3483
3/14/11,4538
3/15/11,3765
3/16/11,10321
3/17/11,10237
3/18/11,6879
3/19/11,5431
3/20/11,21657
3/21/11,13160
3/22/11,7501
3/23/11,7921
3/24/11,10136
3/25/11,10257
3/26/11,8873
3/27/11,8148
3/28/11,6012
3/29/11,6320
3/30/11,6548
3/31/11,7434
4/1/11,9921
4/2/11,10908
4/3/11,10325
4/4/11,8851
4/5/11,9387
4/6/11,9832
4/7/11,9045
4/8/11,7162
4/9/11,6371
4/10/11,6328
4/11/11,4267
4/12/11,5976
4/13/11,5561
4/14/11,5258
4/15/11,4808
4/16/11,5836
4/17/11,6942
4/18/11,9056
4/19/11,8756
4/20/11,9998
4/21/11,8959
4/22/11,8771
4/23/11,6632
4/24/11,5977
4/25/11,5378
4/26/11,4714
4/27/11,5357
4/28/11,6090
4/29/11,6307
4/30/11,5762
5/1/11,5616
5/2/11,6262
5/3/11,7201
5/4/11,8352
5/5/11,10444
5/6/11,12244
5/7/11,12807
5/8/11,13007
5/9/11,10378
5/10/11,7095
5/11/11,6866
5/12/11,8177
5/13/11,10403
5/14/11,12244
5/15/11,12243
5/16/11,8490
5/17/11,6895
5/18/11,6955
5/19/11,6031
5/20/11,6058
5/21/11,7345
5/22/11,8152
5/23/11,8521
5/24/11,8900
5/25/11,8385
5/26/11,8329
5/27/11,7866
5/28/11,8123
5/29/11,7175
5/30/11,6148
5/31/11,5665
6/1/11,5266
6/2/11,5784
6/3/11,4725
6/4/11,5814
6/5/11,5886
6/6/11,11111
6/7/11,8213
6/8/11,7913
6/9/11,10730
6/10/11,13082
6/11/11,14779
6/12/11,13436
6/13/11,14738
6/14/11,15318
6/15/11,16770
6/16/11,18591
6/17/11,17147
6/18/11,14583
6/19/11,14918
6/20/11,15001
6/21/11,14468
6/22/11,17132
6/23/11,17823
6/24/11,16826
6/25/11,14946
6/26/11,12679
6/27/11,11537
6/28/11,12591
6/29/11,20682
6/30/11,17189
7/1/11,10626
7/2/11,11681
7/3/11,12976
7/4/11,13137
7/5/11,13190
7/6/11,12232
7/7/11,12960
7/8/11,10842
7/9/11,10861
7/10/11,10040
7/11/11,7848
7/12/11,7169
7/13/11,6927
7/14/11,6364
7/15/11,5938
7/16/11,6307
7/17/11,5559
7/18/11,5704
7/19/11,5409
7/20/11,5048
7/21/11,4616
7/22/11,5014
7/23/11,4010
7/24/11,4850
7/25/11,4568
7/26/11,3956
7/27/11,3245
7/28/11,3621
7/29/11,3252
7/30/11,3303
7/31/11,3459
8/1/11,3808
8/2/11,2974
8/3/11,2426
8/4/11,2422
8/5/11,1914
8/6/11,2067
8/7/11,1477
8/8/11,2046
8/9/11,1085
8/10/11,1186
8/11/11,1637
8/12/11,1083
8/13/11,940
8/14/11,1335
8/15/11,803
8/16/11,1316
8/17/11,810
8/18/11,1359
8/19/11,857
8/20/11,726
8/21/11,938
8/22/11,840
8/23/11,794
8/24/11,843
8/25/11,749
8/26/11,427
8/27/11,926
8/28/11,1016
8/29/11,500
8/30/11,1029
8/31/11,385
9/1/11,580
9/2/11,280
9/3/11,715
9/4/11,449
9/5/11,389
9/6/11,143
9/7/11,589
9/8/11,276
9/9/11,1074
9/10/11,140
9/11/11,455
9/12/11,78
9/13/11,1133
9/14/11,659
9/15/11,804
9/16/11,927
9/17/11,358
9/18/11,525
9/19/11,490
9/20/11,136
9/21/11,138
9/22/11,662
9/23/11,188
9/24/11,41
9/25/11,417
9/26/11,-47
9/27/11,464
9/28/11,3
9/29/11,215
9/30/11,147
10/1/11,378
10/2/11,486
10/3/11,167
10/4/11,-126
10/5/11,1128
10/6/11,1603
10/7/11,790
10/8/11,268
10/9/11,1128
10/10/11,616
10/11/11,2099
10/12/11,2002
10/13/11,1422
10/14/11,848
10/15/11,1027
10/16/11,664
10/17/11,644
10/18/11,826
10/19/11,232
10/20/11,698
10/21/11,126
10/22/11,669
10/23/11,582
10/24/11,409
10/25/11,-27
10/26/11,464
10/27/11,431
10/28/11,-324
10/29/11,827
10/30/11,138
10/31/11,585
11/1/11,337
11/2/11,-76
11/3/11,-146
11/4/11,223
11/5/11,576
11/6/11,37
11/7/11,662
11/8/11,123
11/9/11,33
11/10/11,-183
11/11/11,705
11/12/11,597
11/13/11,411
11/14/11,393
11/15/11,307
11/16/11,389
11/17/11,832
11/18/11,273
11/19/11,105
11/20/11,370
11/21/11,4
11/22/11,372
11/23/11,975
11/24/11,474
11/25/11,440
11/26/11,153
11/27/11,230
11/28/11,161
11/29/11,794
11/30/11,139
12/1/11,56
12/2/11,8
12/3/11,-22
12/4/11,122
12/5/11,177
12/6/11,36
12/7/11,472
12/8/11,-82
12/9/11,131
12/10/11,98
12/11/11,359
12/12/11,274
12/13/11,215
12/14/11,-261
12/15/11,185
12/16/11,367
12/17/11,-605
12/18/11,178
12/19/11,86
12/20/11,169
12/21/11,182
12/22/11,-35
12/23/11,-154
12/24/11,160
12/25/11,181
12/26/11,182
12/27/11,143
12/28/11,9
12/29/11,155
12/30/11,-238
12/31/11,192
1/1/12,240
1/2/12,249
1/3/12,-289
1/4/12,135
1/5/12,399
1/6/12,-35
1/7/12,-195
1/8/12,119
1/9/12,-93
1/10/12,371
1/11/12,-69
1/12/12,-79
1/13/12,398
1/14/12,-23
1/15/12,-45
1/16/12,-126
1/17/12,-229
1/18/12,297
1/19/12,-224
1/20/12,657
1/21/12,8789
1/22/12,3200
1/23/12,3083
1/24/12,1545
1/25/12,942
1/26/12,1139
1/27/12,1212
1/28/12,860
1/29/12,632
1/30/12,768
1/31/12,666
2/1/12,702
2/2/12,360
2/3/12,788
2/4/12,504
2/5/12,533
2/6/12,189
2/7/12,512
2/8/12,625
2/9/12,716
2/10/12,596
2/11/12,227
2/12/12,675
2/13/12,963
2/14/12,381
2/15/12,739
2/16/12,739
2/17/12,570
2/18/12,570
2/19/12,470
2/20/12,871
2/21/12,256
2/22/12,964
2/23/12,290
2/24/12,408
2/25/12,606
2/26/12,556
2/27/12,1006
2/28/12,325
2/29/12,728
3/1/12,692
3/2/12,915
3/3/12,621
3/4/12,980
3/5/12,793
3/6/12,1033
3/7/12,878
3/8/12,872
3/9/12,804
3/10/12,828
3/11/12,819
3/12/12,946
3/13/12,592
3/14/12,887
3/15/12,1675
3/16/12,1255
3/17/12,6916
3/18/12,4003
3/19/12,2407
3/20/12,1615
3/21/12,1995
3/22/12,2468
3/23/12,3136
3/24/12,1877
3/25/12,2051
3/26/12,2195
3/27/12,1863
3/28/12,1919
3/29/12,1448
3/30/12,2126
3/31/12,3222
4/1/12,3920
4/2/12,2864
4/3/12,2573
4/4/12,2441
4/5/12,1861
4/6/12,2167
4/7/12,1861
4/8/12,1764
4/9/12,1716
4/10/12,1774
4/11/12,3029
4/12/12,2237
4/13/12,6407
4/14/12,3872
4/15/12,2365
4/16/12,2680
4/17/12,4092
4/18/12,4418
4/19/12,4435
4/20/12,5114
4/21/12,8014
4/22/12,7203
4/23/12,8763
4/24/12,9820
4/25/12,9421
4/26/12,10978
4/27/12,12169
4/28/12,6226
4/29/12,6036
4/30/12,5602
5/1/12,5897
5/2/12,8084
5/3/12,6002
5/4/12,5429
5/5/12,4657
5/6/12,4347
5/7/12,4163
5/8/12,4345
5/9/12,4204
5/10/12,4815
5/11/12,5621
5/12/12,4826
5/13/12,5594
5/14/12,5289
5/15/12,5214
5/16/12,5013
5/17/12,5002
5/18/12,4004
5/19/12,3048
5/20/12,3855
5/21/12,3768
5/22/12,3615
5/23/12,3719
5/24/12,3033
5/25/12,1688
5/26/12,1870
5/27/12,1884
5/28/12,1880
5/29/12,1687
5/30/12,1822
5/31/12,1951
6/1/12,1868
6/2/12,1816
6/3/12,1816
6/4/12,1995
6/5/12,2287
6/6/12,2307
6/7/12,1843
6/8/12,1501
6/9/12,1137
6/10/12,944
6/11/12,1158
6/12/12,779
6/13/12,763
6/14/12,762
6/15/12,719
6/16/12,719
6/17/12,640
6/18/12,619
6/19/12,618
6/20/12,552
6/21/12,552
6/22/12,492
6/23/12,477
6/24/12,425
6/25/12,313
6/26/12,313
6/27/12,281
6/28/12,287
6/29/12,287
6/30/12,287
7/1/12,490
7/2/12,275
7/3/12,472
7/4/12,274
7/5/12,129
7/6/12,283
7/7/12,283
7/8/12,281
7/9/12,260
7/10/12,315
7/11/12,281
7/12/12,218
7/13/12,235
7/14/12,217
7/15/12,305
7/16/12,344
7/17/12,-228
7/18/12,127
7/19/12,293
7/20/12,487
7/21/12,-40
7/22/12,417
7/23/12,-283
7/24/12,535
7/25/12,41
7/26/12,-101
7/27/12,168
7/28/12,-27
7/29/12,151
7/30/12,366
7/31/12,-27
8/1/12,258
8/2/12,-213
8/3/12,322
8/4/12,131
8/5/12,140
8/6/12,4
8/7/12,-159
8/8/12,518
8/9/12,-345
8/10/12,350
8/11/12,155
8/12/12,-150
8/13/12,380
8/14/12,119
8/15/12,200
8/16/12,352
8/17/12,-110
8/18/12,341
8/19/12,241
8/20/12,-67
8/21/12,169
8/22/12,238
8/23/12,141
8/24/12,273
8/25/12,-252
8/26/12,137
8/27/12,430
8/28/12,75
8/29/12,-116
8/30/12,408
8/31/12,-128
9/1/12,60
9/2/12,60
9/3/12,60
9/4/12,60
9/5/12,60
9/6/12,60
9/7/12,60
9/8/12,76
9/9/12,76
9/10/12,76
9/11/12,76
9/12/12,76
9/13/12,76
9/14/12,76
9/15/12,55
9/16/12,55
9/17/12,55
9/18/12,55
9/19/12,46
9/20/12,95
9/21/12,94
9/22/12,94
9/23/12,93
9/24/12,93
9/25/12,69
9/26/12,69
9/27/12,50
9/28/12,76
9/29/12,58
9/30/12,58
10/1/12,145
10/2/12,-62
10/3/12,-139
10/4/12,-62
10/5/12,-75
10/6/12,193
10/7/12,-166
10/8/12,173
10/9/12,7
10/10/12,-389
10/11/12,55
10/12/12,54
10/13/12,406
10/14/12,-75
10/15/12,204
10/16/12,64
10/17/12,-311
10/18/12,281
10/19/12,-306
10/20/12,55
10/21/12,520
10/22/12,-159
10/23/12,192
10/24/12,-80
10/25/12,274
10/26/12,141
10/27/12,11
10/28/12,382
10/29/12,205
10/30/12,169
10/31/12,62
11/1/12,138
11/2/12,46
11/3/12,37
11/4/12,-386
11/5/12,30
11/6/12,141
11/7/12,96
11/8/12,-14
11/9/12,78
11/10/12,493
11/11/12,60
11/12/12,145
11/13/12,-75
11/14/12,-60
11/15/12,171
11/16/12,173
11/17/12,904
11/18/12,2609
11/19/12,1480
11/20/12,708
11/21/12,915
11/22/12,955
11/23/12,741
11/24/12,606
11/25/12,512
11/26/12,476
11/27/12,346
11/28/12,697
11/29/12,1001
11/30/12,3510
12/1/12,5922
12/2/12,12076
12/3/12,14241
12/4/12,3789
12/5/12,2551
12/6/12,5070
12/7/12,3036
12/8/12,2001
12/9/12,1425
12/10/12,1165
12/11/12,1125
12/12/12,1365
12/13/12,1365
12/14/12,1233
12/15/12,1100
12/16/12,512
12/17/12,1470
12/18/12,3216
12/19/12,1419
12/20/12,1376
12/21/12,1463
12/22/12,3218
12/23/12,5195
12/24/12,6506
12/25/12,2158
12/26/12,4430
12/27/12,3004
12/28/12,1647
12/29/12,1396
12/30/12,1352
12/31/12,1022
1/1/13,1500
1/2/13,725
1/3/13,1374
1/4/13,742
1/5/13,971
1/6/13,1494
1/7/13,1021
1/8/13,878
1/9/13,885
1/10/13,1597
1/11/13,1083
1/12/13,772
1/13/13,806
1/14/13,762
1/15/13,501
1/16/13,1266
1/17/13,757
1/18/13,1243
1/19/13,771
1/20/13,990
1/21/13,1338
1/22/13,798
1/23/13,1005
1/24/13,946
1/25/13,2527
1/26/13,2369
1/27/13,2444
1/28/13,1517
1/29/13,1259
1/30/13,1235
1/31/13,1398
2/1/13,1615
2/2/13,1119
2/3/13,1080
2/4/13,1343
2/5/13,1083
2/6/13,1125
2/7/13,1125
2/8/13,1053
2/9/13,1151
2/10/13,689
2/11/13,556
2/12/13,752
2/13/13,943
2/14/13,942
2/15/13,812
2/16/13,863
2/17/13,863
2/18/13,914
2/19/13,1289
2/20/13,620
2/21/13,708
2/22/13,723
2/23/13,592
2/24/13,586
2/25/13,586
2/26/13,683
2/27/13,579
2/28/13,578
3/1/13,954
3/2/13,691
3/3/13,1342
3/4/13,2252
3/5/13,1233
3/6/13,1765
3/7/13,1801
3/8/13,1448
3/9/13,1357
3/10/13,1395
3/11/13,1205
3/12/13,2201
3/13/13,2085
3/14/13,2540
3/15/13,2814
3/16/13,2342
3/17/13,2689
3/18/13,2123
3/19/13,1977
3/20/13,2441
3/21/13,3438
3/22/13,2041
3/23/13,1981
3/24/13,2221
3/25/13,1969
3/26/13,2119
3/27/13,2031
3/28/13,2069
3/29/13,2593
3/30/13,2208
3/31/13,3957
4/1/13,4142
4/2/13,3025
4/3/13,3291
4/4/13,2957
4/5/13,3866
4/6/13,3251
4/7/13,2751
4/8/13,3524
4/9/13,2455
4/10/13,2364
4/11/13,3094
4/12/13,3094
4/13/13,4274
4/14/13,4353
4/15/13,4737
4/16/13,3745
4/17/13,2914
4/18/13,2182
4/19/13,2194
4/20/13,3115
4/21/13,3060
4/22/13,4526
4/23/13,5640
4/24/13,5404
4/25/13,5155
4/26/13,4580
4/27/13,5573
4/28/13,5575
4/29/13,6109
4/30/13,6104
5/1/13,6855
5/2/13,6820
5/3/13,5158
5/4/13,5489
5/5/13,4609
5/6/13,3849
5/7/13,4067
5/8/13,3803
5/9/13,3244
5/10/13,3629
5/11/13,4934
5/12/13,5522
5/13/13,5631
5/14/13,6969
5/15/13,4858
5/16/13,4636
5/17/13,4047
5/18/13,3080
5/19/13,2996
5/20/13,2996
5/21/13,2996
5/22/13,3708
5/23/13,2769
5/24/13,2575
5/25/13,2575
5/26/13,2375
5/27/13,1676
5/28/13,2290
5/29/13,2837
5/30/13,3756
5/31/13,3170
6/1/13,2371
6/2/13,2569
6/3/13,3164
6/4/13,3095
6/5/13,3255
6/6/13,2346
6/7/13,2334
6/8/13,2346
6/9/13,2635
6/10/13,1987
6/11/13,1748
6/12/13,1310
6/13/13,1330
6/14/13,1330
6/15/13,762
6/16/13,830
6/17/13,762
6/18/13,828
6/19/13,921
6/20/13,878
6/21/13,877
6/22/13,915
6/23/13,647
6/24/13,646
6/25/13,960
6/26/13,2982
6/27/13,1439
6/28/13,1338
6/29/13,1257
6/30/13,466
7/1/13,970
7/2/13,357
7/3/13,866
7/4/13,767
7/5/13,614
7/6/13,622
7/7/13,460
7/8/13,130
7/9/13,-24
7/10/13,274
7/11/13,496
7/12/13,497
7/13/13,270
7/14/13,214
7/15/13,315
7/16/13,95
7/17/13,341
7/18/13,163
7/19/13,345
7/20/13,241
7/21/13,345
7/22/13,144
7/23/13,158
7/24/13,158
7/25/13,158
7/26/13,289
7/27/13,277
7/28/13,276
7/29/13,113
7/30/13,113
7/31/13,162
8/1/13,189
8/2/13,138
8/3/13,138
8/4/13,157
8/5/13,157
8/6/13,156
8/7/13,156
8/8/13,177
8/9/13,177
8/10/13,177
8/11/13,177
8/12/13,177
8/13/13,152
8/14/13,152
8/15/13,152
8/16/13,152
8/17/13,115
8/18/13,152
8/19/13,167
8/20/13,69
8/21/13,69
8/22/13,131
8/23/13,167
8/24/13,145
8/25/13,77
8/26/13,10
8/27/13,167
8/28/13,77
8/29/13,168
8/30/13,154
8/31/13,154
9/1/13,154
9/2/13,124
9/3/13,62
9/4/13,91
9/5/13,91
9/6/13,91
9/7/13,143
9/8/13,143
9/9/13,143
9/10/13,90
9/11/13,139
9/12/13,87
9/13/13,111
9/14/13,111
9/15/13,111
9/16/13,111
9/17/13,-223
9/18/13,82
9/19/13,-35
9/20/13,46
9/21/13,49
9/22/13,193
9/23/13,336
9/24/13,-16
9/25/13,-90
9/26/13,242
9/27/13,-200
9/28/13,66
9/29/13,374
9/30/13,-424
10/1/13,240
10/2/13,219
10/3/13,178
10/4/13,47
10/5/13,-265
10/6/13,268
10/7/13,201
10/8/13,44
10/9/13,-79
10/10/13,63
10/11/13,165
10/12/13,-527
10/13/13,417
10/14/13,233
10/15/13,50
10/16/13,-127
10/17/13,94
10/18/13,-114
10/19/13,597
10/20/13,-258
10/21/13,152
10/22/13,49
10/23/13,276
10/24/13,19
10/25/13,212
10/26/13,146
10/27/13,-227
10/28/13,323
10/29/13,-181
10/30/13,249
10/31/13,200
11/1/13,115
11/2/13,-60
11/3/13,-59
11/4/13,247
11/5/13,-81
11/6/13,70
11/7/13,70
11/8/13,-63
11/9/13,-21
11/10/13,59
11/11/13,77
11/12/13,341
11/13/13,-139
11/14/13,-216
11/15/13,390
11/16/13,-131
11/17/13,220
11/18/13,-599
11/19/13,588
11/20/13,134
11/21/13,364
11/22/13,513
11/23/13,-289
11/24/13,382
11/25/13,-104
11/26/13,202
11/27/13,131
11/28/13,-70
11/29/13,197
11/30/13,206
12/1/13,-307
12/2/13,238
12/3/13,-108
12/4/13,425
12/5/13,-203
12/6/13,-196
12/7/13,365
12/8/13,357
12/9/13,-131
12/10/13,236
12/11/13,-139
12/12/13,453
12/13/13,-228
12/14/13,-41
12/15/13,113
12/16/13,838
12/17/13,-49
12/18/13,-46
12/19/13,201
12/20/13,159
12/21/13,69
12/22/13,152
12/23/13,422
12/24/13,265
12/25/13,-180
12/26/13,-40
12/27/13,175
12/28/13,-93
12/29/13,-176
12/30/13,-3
12/31/13,308
1/1/14,-159
1/2/14,-46
1/3/14,-177
1/4/14,28
1/5/14,52
1/6/14,491
1/7/14,-308
1/8/14,83
1/9/14,355
1/10/14,-157
1/11/14,101
1/12/14,161
1/13/14,258
1/14/14,107
1/15/14,193
1/16/14,218
1/17/14,-450
1/18/14,8
1/19/14,-253
1/20/14,-126
1/21/14,165
1/22/14,-332
1/23/14,401
1/24/14,-113
1/25/14,-165
1/26/14,-54
1/27/14,-198
1/28/14,322
1/29/14,-110
1/30/14,485
1/31/14,1317
2/1/14,676
2/2/14,343
2/3/14,150
2/4/14,177
2/5/14,176
2/6/14,235
2/7/14,232
2/8/14,945
2/9/14,2964
2/10/14,3291
2/11/14,1271
2/12/14,1020
2/13/14,823
2/14/14,948
2/15/14,667
2/16/14,666
2/17/14,766
2/18/14,605
2/19/14,605
2/20/14,477
2/21/14,639
2/22/14,858
2/23/14,858
2/24/14,682
2/25/14,682
2/26/14,840
2/27/14,2428
2/28/14,2329
3/1/14,3706
3/2/14,1646
3/3/14,1446
3/4/14,1567
3/5/14,1923
3/6/14,3383
3/7/14,2784
3/8/14,1924
3/9/14,1402
3/10/14,1385
3/11/14,1230
3/12/14,1150
3/13/14,926
3/14/14,957
3/15/14,1003
3/16/14,1008
3/17/14,1122
3/18/14,1305
3/19/14,1200
3/20/14,1250
3/21/14,1249
3/22/14,1299
3/23/14,1299
3/24/14,1023
3/25/14,1085
3/26/14,1724
3/27/14,1286
3/28/14,1505
3/29/14,1335
3/30/14,1635
3/31/14,1716
4/1/14,2252
4/2/14,1318
4/3/14,1590
4/4/14,1262
4/5/14,1460
4/6/14,1358
4/7/14,1895
4/8/14,2498
4/9/14,2808
4/10/14,2771
4/11/14,2971
4/12/14,3182
4/13/14,3677
4/14/14,3614
4/15/14,3638
4/16/14,3638
4/17/14,3106
4/18/14,3914
4/19/14,5097
4/20/14,4563
4/21/14,4062
4/22/14,3542
4/23/14,2510
4/24/14,2096
4/25/14,2264
4/26/14,3642
4/27/14,2352
4/28/14,2628
4/29/14,2451
4/30/14,3128
5/1/14,2990
5/2/14,3567
5/3/14,4198
5/4/14,4242
5/5/14,3852
5/6/14,4022
5/7/14,3312
5/8/14,1919
5/9/14,2270
5/10/14,2369
5/11/14,2192
5/12/14,1982
5/13/14,1973
5/14/14,3058
5/15/14,2995
5/16/14,4106
5/17/14,4221
5/18/14,3647
5/19/14,3311
5/20/14,3093
5/21/14,2716
5/22/14,3001
5/23/14,2575
5/24/14,2290
5/25/14,3134
5/26/14,3730
5/27/14,3762
5/28/14,3512
5/29/14,2827
5/30/14,2321
5/31/14,1858
6/1/14,1645
6/2/14,2052
6/3/14,1733
6/4/14,1501
6/5/14,1976
6/6/14,1730
6/7/14,1729
6/8/14,1242
6/9/14,1599
6/10/14,1231
6/11/14,1051
6/12/14,914
6/13/14,946
6/14/14,730
6/15/14,913
6/16/14,603
6/17/14,730
6/18/14,527
6/19/14,315
6/20/14,478
6/21/14,477
6/22/14,347
6/23/14,232
6/24/14,189
6/25/14,278
6/26/14,278
6/27/14,383
6/28/14,661
6/29/14,407
6/30/14,408
7/1/14,201
7/2/14,209
7/3/14,305
7/4/14,279
7/5/14,230
7/6/14,225
7/7/14,220
7/8/14,215
7/9/14,225
7/10/14,207
7/11/14,185
7/12/14,198
7/13/14,193
7/14/14,188
7/15/14,180
7/16/14,178
7/17/14,175
7/18/14,170
7/19/14,165
7/20/14,160
7/21/14,155
7/22/14,154
7/23/14,149
7/24/14,141
7/25/14,150
7/26/14,158
7/27/14,158
7/28/14,158
7/29/14,157
7/30/14,157
7/31/14,157
8/1/14,125
8/2/14,100
8/3/14,85
8/4/14,63
8/5/14,44
8/6/14,116
8/7/14,178
8/8/14,178
8/9/14,205
8/10/14,205
8/11/14,149
8/12/14,197
8/13/14,133
8/14/14,197
8/15/14,54
8/16/14,53
8/17/14,53
8/18/14,53
8/19/14,71
8/20/14,71
8/21/14,56
8/22/14,83
8/23/14,25
8/24/14,83
8/25/14,83
8/26/14,101
8/27/14,101
8/28/14,72
8/29/14,72
8/30/14,72
8/31/14,72
9/1/14,83
9/2/14,83
9/3/14,98
9/4/14,98
9/5/14,72
9/6/14,72
9/7/14,72
9/8/14,72
9/9/14,17
9/10/14,35
9/11/14,35
9/12/14,35
9/13/14,35
9/14/14,35
9/15/14,35
9/16/14,35
9/17/14,35
9/18/14,35
9/19/14,35
9/20/14,25
9/21/14,25
9/22/14,25
9/23/14,25
9/24/14,15
9/25/14,15
9/26/14,15
9/27/14,359
9/28/14,556
9/29/14,172
9/30/14,37
10/1/14,36
10/2/14,-273
10/3/14,639
10/4/14,-206
10/5/14,358
10/6/14,-65
10/7/14,57
10/8/14,-51
10/9/14,81
10/10/14,-230
10/11/14,-47
10/12/14,122
10/13/14,503
10/14/14,19
10/15/14,76
10/16/14,-763
10/17/14,234
10/18/14,181
10/19/14,-47
10/20/14,125
10/21/14,-4
10/22/14,-129
10/23/14,5
10/24/14,-85
10/25/14,130
10/26/14,105
10/27/14,411
10/28/14,94
10/29/14,129
10/30/14,-75
10/31/14,4
11/1/14,1287
11/2/14,41
11/3/14,31
11/4/14,-39
11/5/14,227
11/6/14,111
11/7/14,78
11/8/14,42
11/9/14,527
11/10/14,-241
11/11/14,194
11/12/14,-137
11/13/14,208
11/14/14,-197
11/15/14,170
11/16/14,145
11/17/14,-226
11/18/14,65
11/19/14,125
11/20/14,162
11/21/14,247
11/22/14,163
11/23/14,998
11/24/14,178
11/25/14,-57
11/26/14,-78
11/27/14,-41
11/28/14,39
11/29/14,4
11/30/14,487
12/1/14,717
12/2/14,491
12/3/14,3374
12/4/14,5040
12/5/14,1468
12/6/14,1012
12/7/14,1160
12/8/14,762
12/9/14,449
12/10/14,293
12/11/14,448
12/12/14,2024
12/13/14,1551
12/14/14,779
12/15/14,805
12/16/14,779
12/17/14,779
12/18/14,754
12/19/14,1159
12/20/14,635
12/21/14,1446
12/22/14,1331
12/23/14,965
12/24/14,1614
12/25/14,933
12/26/14,1413
12/27/14,435
12/28/14,596
12/29/14,435
12/30/14,541
12/31/14,377
1/1/15,541
1/2/15,598
1/3/15,607
1/4/15,425
1/5/15,281
1/6/15,424
1/7/15,555
1/8/15,555
1/9/15,578
1/10/15,575
1/11/15,331
1/12/15,505
1/13/15,499
1/14/15,531
1/15/15,456
1/16/15,205
1/17/15,369
1/18/15,370
1/19/15,370
1/20/15,242
1/21/15,299
1/22/15,240
1/23/15,239
1/24/15,224
1/25/15,223
1/26/15,332
1/27/15,332
1/28/15,372
1/29/15,390
1/30/15,372
1/31/15,425
2/1/15,555
2/2/15,450
2/3/15,221
2/4/15,241
2/5/15,310
2/6/15,884
2/7/15,2177
2/8/15,9013
2/9/15,13181
2/10/15,6039
2/11/15,3176
2/12/15,1895
2/13/15,2029
2/14/15,1806
2/15/15,1596
2/16/15,1291
2/17/15,1430
2/18/15,1203
2/19/15,1202
2/20/15,1302
2/21/15,1356
2/22/15,992
2/23/15,992
2/24/15,825
2/25/15,810
2/26/15,790
2/27/15,775
2/28/15,760
3/1/15,740
3/2/15,725
3/3/15,710
3/4/15,690
3/5/15,670
3/6/15,660
3/7/15,640
3/8/15,625
3/9/15,607
3/10/15,619
3/11/15,740
3/12/15,739
3/13/15,842
3/14/15,910
3/15/15,911
3/16/15,1051
3/17/15,1362
3/18/15,1370
3/19/15,1057
3/20/15,1056
3/21/15,1056
3/22/15,920
3/23/15,1102
3/24/15,1102
3/25/15,1076
3/26/15,1044
3/27/15,938
3/28/15,938
3/29/15,1021
3/30/15,1600
3/31/15,1419
4/1/15,1310
4/2/15,1225
4/3/15,627
4/4/15,931
4/5/15,877
4/6/15,877
4/7/15,1123
4/8/15,1066
4/9/15,1423
4/10/15,1149
4/11/15,1398
4/12/15,1596
4/13/15,1553
4/14/15,1638
4/15/15,1336
4/16/15,1071
4/17/15,786
4/18/15,1073
4/19/15,1007
4/20/15,1007
4/21/15,1004
4/22/15,1004
4/23/15,862
4/24/15,1383
4/25/15,2093
4/26/15,2504
4/27/15,2797
4/28/15,3223
4/29/15,2538
4/30/15,2487
5/1/15,2343
5/2/15,2410
5/3/15,2410
5/4/15,2290
5/5/15,1897
5/6/15,1710
5/7/15,1710
5/8/15,2289
5/9/15,2526
5/10/15,3214
5/11/15,3034
5/12/15,2389
5/13/15,2348
5/14/15,1688
5/15/15,1688
5/16/15,1877
5/17/15,1806
5/18/15,2178
5/19/15,1824
5/20/15,1889
5/21/15,1470
5/22/15,2650
5/23/15,3416
5/24/15,3744
5/25/15,2747
5/26/15,2830
5/27/15,2696
5/28/15,2696
5/29/15,2257
5/30/15,2293
5/31/15,2226
6/1/15,2516
6/2/15,1922
6/3/15,1788
6/4/15,1532
6/5/15,1832
6/6/15,1363
6/7/15,1536
6/8/15,1700
6/9/15,1212
6/10/15,1241
6/11/15,2194
6/12/15,1777
6/13/15,1650
6/14/15,1313
6/15/15,730
6/16/15,799
6/17/15,799
6/18/15,868
6/19/15,866
6/20/15,678
6/21/15,219
6/22/15,172
6/23/15,274
6/24/15,274
6/25/15,406
6/26/15,403
6/27/15,406
6/28/15,358
6/29/15,205
6/30/15,89
7/1/15,368
7/2/15,368
7/3/15,368
7/4/15,368
7/5/15,307
7/6/15,307
7/7/15,307
7/8/15,306
7/9/15,306
7/10/15,306
7/11/15,306
7/12/15,234
7/13/15,254
7/14/15,254
7/15/15,254
7/16/15,262
7/17/15,262
7/18/15,262
7/19/15,262
7/20/15,262
7/21/15,159
7/22/15,183
7/23/15,225
7/24/15,225
7/25/15,215
7/26/15,215
7/27/15,215
7/28/15,215
7/29/15,193
7/30/15,193
7/31/15,193
8/1/15,193
8/2/15,193
8/3/15,171
8/4/15,171
8/5/15,170
8/6/15,170
8/7/15,173
8/8/15,173
8/9/15,173
8/10/15,173
8/11/15,289
8/12/15,289
8/13/15,289
8/14/15,289
8/15/15,289
8/16/15,289
8/17/15,289
8/18/15,252
8/19/15,165
8/20/15,165
8/21/15,123
8/22/15,123
8/23/15,122
8/24/15,122
8/25/15,81
8/26/15,81
8/27/15,81
8/28/15,31
8/29/15,31
8/30/15,31
8/31/15,31
9/1/15,106
9/2/15,106
9/3/15,106
9/4/15,106
9/5/15,106
9/6/15,106
9/7/15,106
9/8/15,106
9/9/15,106
9/10/15,106
9/11/15,98
9/12/15,98
9/13/15,98
9/14/15,98
9/15/15,98
9/16/15,98
9/17/15,98
9/18/15,175
9/19/15,125
9/20/15,175
9/21/15,126
9/22/15,175
9/23/15,175
9/24/15,47
9/25/15,120
9/26/15,107
9/27/15,107
9/28/15,107
9/29/15,106
9/30/15,147
10/1/15,148
10/2/15,84
10/3/15,84
10/4/15,84
10/5/15,84
10/6/15,84
10/7/15,84
10/8/15,84
10/9/15,89
10/10/15,88
10/11/15,18
10/12/15,18
10/13/15,18
10/14/15,18
10/15/15,18
10/16/15,180
10/17/15,180
10/18/15,584
10/19/15,253
10/20/15,865
10/21/15,311
10/22/15,281
10/23/15,178
10/24/15,178
10/25/15,123
10/26/15,123
10/27/15,109
10/28/15,109
10/29/15,110
10/30/15,60
10/31/15,60
11/1/15,185
11/2/15,488
11/3/15,1506
11/4/15,1353
11/5/15,774
11/6/15,355
11/7/15,576
11/8/15,401
11/9/15,812
11/10/15,726
11/11/15,550
11/12/15,495
11/13/15,495
11/14/15,575
11/15/15,776
11/16/15,992
11/17/15,560
11/18/15,722
11/19/15,521
11/20/15,617
11/21/15,728
11/22/15,728
11/23/15,593
11/24/15,841
11/25/15,576
11/26/15,475
11/27/15,346
11/28/15,389
11/29/15,356
11/30/15,389
12/1/15,324
12/2/15,478
12/3/15,265
12/4/15,301
12/5/15,483
12/6/15,220
12/7/15,218
12/8/15,218
12/9/15,64
12/10/15,756
12/11/15,1814
12/12/15,857
12/13/15,1072
12/14/15,897
12/15/15,897
12/16/15,583
12/17/15,722
12/18/15,861
12/19/15,924
12/20/15,838
12/21/15,2085
12/22/15,17277
12/23/15,6190
12/24/15,2822
12/25/15,2638
12/26/15,1732
12/27/15,1315
12/28/15,1098
12/29/15,1098
12/30/15,630
12/31/15,833
1/1/16,713
1/2/16,970
1/3/16,756
1/4/16,757
1/5/16,1908
1/6/16,3360
1/7/16,2823
1/8/16,1834
1/9/16,1575
1/10/16,1515
1/11/16,744
1/12/16,1209
1/13/16,1079
1/14/16,1079
1/15/16,1795
1/16/16,1510
1/17/16,2226
1/18/16,3294
1/19/16,4050
1/20/16,4362
1/21/16,2578
1/22/16,2566
1/23/16,6538
1/24/16,4277
1/25/16,2899
1/26/16,2064
1/27/16,2065
1/28/16,1937
1/29/16,1546
1/30/16,5057
1/31/16,6543
2/1/16,4063
2/2/16,2715
2/3/16,2176
2/4/16,2046
2/5/16,2031
2/6/16,1932
2/7/16,2061
2/8/16,2249
2/9/16,2592
2/10/16,2876
2/11/16,2282
2/12/16,2235
2/13/16,2257
2/14/16,2334
2/15/16,2714
2/16/16,2787
2/17/16,2593
2/18/16,4044
2/19/16,2858
2/20/16,2676
2/21/16,2156
2/22/16,1644
2/23/16,2058
2/24/16,2163
2/25/16,2491
2/26/16,2689
2/27/16,2308
2/28/16,2649
2/29/16,2993
3/1/16,2265
3/2/16,2726
3/3/16,3117
3/4/16,3088
3/5/16,6527
3/6/16,20057
3/7/16,10463
3/8/16,6252
3/9/16,4651
3/10/16,3864
3/11/16,6503
3/12/16,5344
3/13/16,7576
3/14/16,13091
3/15/16,7423
3/16/16,5791
3/17/16,5028
3/18/16,5123
3/19/16,4959
3/20/16,4397
3/21/16,4885
3/22/16,5307
3/23/16,4470
3/24/16,3966
3/25/16,3590
3/26/16,3506
3/27/16,3525
3/28/16,4719
3/29/16,3868
3/30/16,3038
3/31/16,2962
4/1/16,3030
4/2/16,3610
4/3/16,4578
4/4/16,5466
4/5/16,5270
4/6/16,5649
4/7/16,5908
4/8/16,7206
4/9/16,8392
4/10/16,8188
4/11/16,6388
4/12/16,5992
4/13/16,5775
4/14/16,5733
4/15/16,5542
4/16/16,3701
4/17/16,4235
4/18/16,4761
4/19/16,5567
4/20/16,5616
4/21/16,8602
4/22/16,7615
4/23/16,6732
4/24/16,5915
4/25/16,4653
4/26/16,3467
4/27/16,3406
4/28/16,2952
4/29/16,3531
4/30/16,3336
5/1/16,3402
5/2/16,4100
5/3/16,4104
5/4/16,4803
5/5/16,5148
5/6/16,5402
5/7/16,4589
5/8/16,4886
5/9/16,4728
5/10/16,6251
5/11/16,7901
5/12/16,7979
5/13/16,8542
5/14/16,9728
5/15/16,9527
5/16/16,8349
5/17/16,7127
5/18/16,8313
5/19/16,7461
5/20/16,8687
5/21/16,6721
5/22/16,4431
5/23/16,3266
5/24/16,3266
5/25/16,3166
5/26/16,3138
5/27/16,4646
5/28/16,5257
5/29/16,5434
5/30/16,5647
5/31/16,6582
6/1/16,8977
6/2/16,8977
6/3/16,8271
6/4/16,8420
6/5/16,8368
6/6/16,7511
6/7/16,7839
6/8/16,7633
6/9/16,7179
6/10/16,6837
6/11/16,5283
6/12/16,4793
6/13/16,5043
6/14/16,4129
6/15/16,3755
6/16/16,3168
6/17/16,2500
6/18/16,3318
6/19/16,3113
6/20/16,4010
6/21/16,4095
6/22/16,3992
6/23/16,3562
6/24/16,2523
6/25/16,2725
6/26/16,2725
6/27/16,2725
6/28/16,2444
6/29/16,2055
6/30/16,2774
7/1/16,1787
7/2/16,1515
7/3/16,1574
7/4/16,1571
7/5/16,1207
7/6/16,1207
7/7/16,1234
7/8/16,968
7/9/16,849
7/10/16,792
7/11/16,630
7/12/16,630
7/13/16,741
7/14/16,741
7/15/16,581
7/16/16,612
7/17/16,612
7/18/16,612
7/19/16,428
7/20/16,306
7/21/16,323
7/22/16,326
7/23/16,325
7/24/16,322
7/25/16,310
7/26/16,310
7/27/16,310
7/28/16,309
7/29/16,336
7/30/16,336
7/31/16,336
8/1/16,307
8/2/16,307
8/3/16,245
8/4/16,245
8/5/16,245
8/6/16,200
8/7/16,200
8/8/16,200
8/9/16,144
8/10/16,96
8/11/16,120
8/12/16,119
8/13/16,118
8/14/16,116
8/15/16,115
8/16/16,114
8/17/16,114
8/18/16,112
8/19/16,111
8/20/16,110
8/21/16,109
8/22/16,107
8/23/16,106
8/24/16,153
8/25/16,153
8/26/16,153
8/27/16,153
8/28/16,153
8/29/16,152
8/30/16,152
8/31/16,152
9/1/16,95
9/2/16,95
9/3/16,95
9/4/16,95
9/5/16,95
9/6/16,95
9/7/16,98
9/8/16,98
9/9/16,97
9/10/16,97
9/11/16,97
9/12/16,32
9/13/16,32
9/14/16,32
9/15/16,32
9/16/16,32
9/17/16,32
9/18/16,32
9/19/16,39
9/20/16,39
9/21/16,153
9/22/16,153
9/23/16,154
9/24/16,154
9/25/16,153
9/26/16,153
9/27/16,31
9/28/16,98
9/29/16,64
9/30/16,63
10/1/16,218
10/2/16,-255
10/3/16,-211
10/4/16,183
10/5/16,81
10/6/16,118
10/7/16,81
10/8/16,81
10/9/16,19
10/10/16,19
10/11/16,129
10/12/16,129
10/13/16,129
10/14/16,129
10/15/16,236
10/16/16,1883
10/17/16,14942
10/18/16,6170
10/19/16,2078
10/20/16,1605
10/21/16,1484
10/22/16,637
10/23/16,997
10/24/16,1185
10/25/16,1185
10/26/16,1169
10/27/16,1169
10/28/16,3110
10/29/16,9835
10/30/16,4829
10/31/16,11737
11/1/16,5420
11/2/16,2982
11/3/16,1714
11/4/16,1955
11/5/16,1231
11/6/16,1083
11/7/16,1150
11/8/16,1066
11/9/16,921
11/10/16,839
11/11/16,839
11/12/16,780
11/13/16,780
11/14/16,698
11/15/16,581
11/16/16,537
11/17/16,697
11/18/16,390
11/19/16,390
11/20/16,508
11/21/16,462
11/22/16,795
11/23/16,582
11/24/16,857
11/25/16,579
11/26/16,599
11/27/16,1285
11/28/16,1174
11/29/16,1088
11/30/16,545
12/1/16,620
12/2/16,620
12/3/16,619
12/4/16,662
12/5/16,725
12/6/16,521
12/7/16,687
12/8/16,877
12/9/16,2129
12/10/16,3728
12/11/16,11356
12/12/16,4143
12/13/16,2574
12/14/16,1919
12/15/16,4211
12/16/16,32121
12/17/16,6447
12/18/16,3356
12/19/16,2634
12/20/16,2350
12/21/16,1813
12/22/16,1966
12/23/16,1539
12/24/16,2661
12/25/16,1842
12/26/16,1099
12/27/16,1544
12/28/16,1514
12/29/16,1554
12/30/16,1102
12/31/16,1103
1/1/17,1647
1/2/17,1317
1/3/17,1946
1/4/17,5473
1/5/17,14538
1/6/17,7479
1/7/17,4892
1/8/17,35352
1/9/17,64576
1/10/17,31652
1/11/17,28725
1/12/17,15647
1/13/17,10021
1/14/17,6977
1/15/17,6447
1/16/17,5510
1/17/17,4006
1/18/17,4183
1/19/17,7418
1/20/17,9289
1/21/17,8934
1/22/17,8526
1/23/17,11590
1/24/17,6533
1/25/17,5469
1/26/17,4561
1/27/17,3303
1/28/17,3538
1/29/17,3538
1/30/17,3646
1/31/17,3817
2/1/17,2668
2/2/17,3383
2/3/17,6853
2/4/17,7750
2/5/17,5327
2/6/17,7933
2/7/17,29308
2/8/17,42774
2/9/17,40573
2/10/17,48732
2/11/17,24626
2/12/17,14574
2/13/17,11900
2/14/17,9869
2/15/17,8393
2/16/17,7828
2/17/17,8855
2/18/17,9851
2/19/17,8156
2/20/17,22394
2/21/17,31516
2/22/17,17478
2/23/17,11773
2/24/17,12238
2/25/17,7149
2/26/17,4680
2/27/17,6217
2/28/17,5367
3/1/17,5513
3/2/17,4697
3/3/17,4734
3/4/17,4497
3/5/17,6001
3/6/17,5367
3/7/17,4053
3/8/17,4547
3/9/17,4963
3/10/17,5130
3/11/17,5440
3/12/17,5440
3/13/17,5273
3/14/17,5838
3/15/17,5842
3/16/17,7293
3/17/17,8180
3/18/17,7692
3/19/17,7407
3/20/17,7095
3/21/17,10542
3/22/17,15415
3/23/17,8514
3/24/17,6997
3/25/17,6589
3/26/17,6797
3/27/17,5945
3/28/17,5945
3/29/17,5261
3/30/17,6387
3/31/17,8125
4/1/17,6220
4/2/17,6483
4/3/17,7650
4/4/17,7321
4/5/17,6882
4/6/17,7342
4/7/17,13529
4/8/17,14049
4/9/17,8322
4/10/17,7181
4/11/17,5859
4/12/17,5872
4/13/17,8040
4/14/17,7706
4/15/17,6898
4/16/17,5865
4/17/17,8022
4/18/17,19184
4/19/17,15206
4/20/17,9636
4/21/17,8684
4/22/17,9026
4/23/17,9314
4/24/17,10198
4/25/17,8721
4/26/17,7422
4/27/17,8766
4/28/17,9578
4/29/17,7973
4/30/17,8083
5/1/17,9928
5/2/17,11343
5/3/17,13639
5/4/17,15656
5/5/17,14016
5/6/17,17397
5/7/17,17396
5/8/17,9970
5/9/17,11899
5/10/17,12419
5/11/17,12848
5/12/17,16188
5/13/17,12393
5/14/17,8766
5/15/17,9005
5/16/17,7191
5/17/17,6283
5/18/17,6827
5/19/17,7598
5/20/17,9243
5/21/17,11112
5/22/17,12727
5/23/17,14942
5/24/17,16989
5/25/17,15943
5/26/17,15492
5/27/17,13704
5/28/17,13834
5/29/17,13762
5/30/17,14040
5/31/17,14916
6/1/17,13092
6/2/17,12899
6/3/17,14953
6/4/17,17570
6/5/17,17246
6/6/17,15572
6/7/17,13572
6/8/17,13580
6/9/17,11800
6/10/17,15623
6/11/17,13669
6/12/17,10064
6/13/17,6166
6/14/17,5980
6/15/17,8645
6/16/17,10986
6/17/17,13297
6/18/17,16187
6/19/17,19647
6/20/17,20149
6/21/17,18398
6/22/17,17593
6/23/17,18240
6/24/17,16070
6/25/17,13126
6/26/17,12145
6/27/17,13352
6/28/17,11099
6/29/17,8437
6/30/17,7987
7/1/17,9379
7/2/17,9745
7/3/17,10023
7/4/17,9478
7/5/17,10202
7/6/17,8443
7/7/17,7748
7/8/17,8850
7/9/17,8503
7/10/17,8148
7/11/17,7602
7/12/17,6242
7/13/17,5801
7/14/17,4788
7/15/17,6028
7/16/17,5464
7/17/17,4891
7/18/17,4928
7/19/17,3959
7/20/17,3978
7/21/17,3073
7/22/17,3180
7/23/17,3978
7/24/17,2984
7/25/17,4062
7/26/17,3406
7/27/17,3171
7/28/17,2713
7/29/17,2491
7/30/17,2514
7/31/17,1886
8/1/17,2642
8/2/17,1881
8/3/17,2328
8/4/17,2591
8/5/17,1770
8/6/17,2249
8/7/17,1834
8/8/17,2186
8/9/17,1680
8/10/17,1404
8/11/17,1724
8/12/17,1250
8/13/17,1483
8/14/17,1322
8/15/17,1322
8/16/17,1116
8/17/17,1168
8/18/17,1003
8/19/17,1321
8/20/17,1266
8/21/17,1238
8/22/17,1239
8/23/17,1434
8/24/17,1216
8/25/17,963
8/26/17,831
8/27/17,833
8/28/17,833
8/29/17,833
8/30/17,833
8/31/17,832
9/1/17,1138
9/2/17,1199
9/3/17,733
9/4/17,762
9/5/17,761
9/6/17,761
9/7/17,761
9/8/17,478
9/9/17,771
9/10/17,406
9/11/17,920
9/12/17,486
9/13/17,486
9/14/17,421
9/15/17,471
9/16/17,918
9/17/17,368
9/18/17,378
9/19/17,378
9/20/17,905
9/21/17,926
9/22/17,1417
9/23/17,1258
9/24/17,536
9/25/17,645
9/26/17,645
9/27/17,645
9/28/17,645
9/29/17,644
9/30/17,606
10/1/17,404
10/2/17,403
10/3/17,403
10/4/17,316
10/5/17,315
10/6/17,315
10/7/17,471
10/8/17,180
10/9/17,363
10/10/17,514
10/11/17,513
10/12/17,373
10/13/17,503
10/14/17,503
10/15/17,502
10/16/17,422
10/17/17,429
10/18/17,544
10/19/17,444
10/20/17,543
10/21/17,545
10/22/17,338
10/23/17,257
10/24/17,620
10/25/17,339
10/26/17,424
10/27/17,384
10/28/17,765
10/29/17,388
10/30/17,488
10/31/17,388
11/1/17,169
11/2/17,675
11/3/17,114
11/4/17,145
11/5/17,162
11/6/17,524
11/7/17,-153
11/8/17,343
11/9/17,-201
11/10/17,299
11/11/17,346
11/12/17,333
11/13/17,-203
11/14/17,447
11/15/17,-270
11/16/17,2379
11/17/17,17549
11/18/17,4632
11/19/17,2329
11/20/17,727
11/21/17,1657
11/22/17,1500
11/23/17,1151
11/24/17,1286
11/25/17,1343
11/26/17,1612
11/27/17,2851
11/28/17,2399
11/29/17,1479
11/30/17,1377
12/1/17,1540
12/2/17,481
12/3/17,897
12/4/17,955
12/5/17,658
12/6/17,715
12/7/17,358
12/8/17,663
12/9/17,980
12/10/17,381
12/11/17,248
12/12/17,364
12/13/17,1017
12/14/17,370
12/15/17,558
12/16/17,330
12/17/17,315
12/18/17,541
12/19/17,443
12/20/17,442
12/21/17,432
12/22/17,409
12/23/17,307
12/24/17,307
12/25/17,307
12/26/17,307
12/27/17,306
12/28/17,403
12/29/17,432
12/30/17,363
12/31/17,350
1/1/18,357
1/2/18,206
1/3/18,206
1/4/18,206
1/5/18,403
1/6/18,1250
1/7/18,2202
1/8/18,1614
1/9/18,7105
1/10/18,4356
1/11/18,2227
1/12/18,1333
1/13/18,1304
1/14/18,1123
1/15/18,1043
1/16/18,1125
1/17/18,625
1/18/18,583
1/19/18,1736
1/20/18,1265
1/21/18,405
1/22/18,714
1/23/18,1176
1/24/18,382
1/25/18,1247
1/26/18,720
1/27/18,655
1/28/18,750
1/29/18,768
1/30/18,1333
1/31/18,649
2/1/18,854
2/2/18,1225
2/3/18,518
2/4/18,593
2/5/18,1235
2/6/18,520
2/7/18,1182
2/8/18,493
2/9/18,617
2/10/18,997
2/11/18,560
2/12/18,425
2/13/18,412
2/14/18,903
2/15/18,397
2/16/18,377
2/17/18,359
2/18/18,482
2/19/18,492
2/20/18,554
2/21/18,404
2/22/18,350
2/23/18,532
2/24/18,427
2/25/18,796
2/26/18,484
2/27/18,560
2/28/18,617
3/1/18,955
3/2/18,2848
3/3/18,2752
3/4/18,1623
3/5/18,1613
3/6/18,991
3/7/18,1087
3/8/18,1357
3/9/18,1524
3/10/18,2213
3/11/18,2378
3/12/18,1850
3/13/18,4003
3/14/18,11486
3/15/18,5765
3/16/18,7068
3/17/18,3895
3/18/18,3062
3/19/18,2686
3/20/18,2052
3/21/18,4505
3/22/18,42265
3/23/18,28352
3/24/18,9491
3/25/18,6862
3/26/18,4163
3/27/18,4427
3/28/18,3520
3/29/18,5317
3/30/18,4704
3/31/18,5092
4/1/18,5724
4/2/18,5225
4/3/18,6120
4/4/18,6467
4/5/18,5531
4/6/18,7529
4/7/18,21562
4/8/18,29237
4/9/18,14306
4/10/18,10624
4/11/18,8975
4/12/18,7985
4/13/18,5905
4/14/18,5627
4/15/18,5010
4/16/18,6352
4/17/18,4645
4/18/18,4860
4/19/18,4190.5
4/20/18,3521
4/21/18,3319
4/22/18,4475
4/23/18,6634
4/24/18,8504
4/25/18,7094
4/26/18,8217
4/27/18,8940
4/28/18,10464
4/29/18,6923
4/30/18,4771
5/1/18,4632
5/2/18,4248
5/3/18,3986
5/4/18,5042
5/5/18,5331
5/6/18,5972
5/7/18,7277
5/8/18,7914
5/9/18,8478
5/10/18,8480.5
5/11/18,8483
5/12/18,5846
5/13/18,4997
5/14/18,4381
5/15/18,4603
5/16/18,4859
5/17/18,4438
5/18/18,5054
5/19/18,6186
5/20/18,5617
5/21/18,5045
5/22/18,5531
5/23/18,6009
5/24/18,6339
5/25/18,6748
5/26/18,5888
5/27/18,4204
5/28/18,3562
5/29/18,4999
5/30/18,4884
5/31/18,6133
6/1/18,4964
6/2/18,4072
6/3/18,5188
6/4/18,4877
6/5/18,4348
6/6/18,4259
6/7/18,4271
6/8/18,3696
6/9/18,3291
6/10/18,2773
6/11/18,3128
6/12/18,2611
6/13/18,3331
6/14/18,2803
6/15/18,3201
6/16/18,2443
6/17/18,1944
6/18/18,2251
6/19/18,1342
6/20/18,1668
6/21/18,1810
6/22/18,872
6/23/18,1427
6/24/18,1326
6/25/18,1226
6/26/18,1150
6/27/18,1128
6/28/18,1376
6/29/18,718
6/30/18,554
7/1/18,1310
7/2/18,600
7/3/18,1044
7/4/18,373
7/5/18,1067
7/6/18,306
7/7/18,918
7/8/18,262
7/9/18,494
7/10/18,249
7/11/18,872
7/12/18,414
7/13/18,352
7/14/18,890
7/15/18,614
7/16/18,489
7/17/18,448
7/18/18,361
7/19/18,798
7/20/18,307
7/21/18,750
7/22/18,792
7/23/18,497
7/24/18,385
7/25/18,260
7/26/18,991
7/27/18,465
7/28/18,58
7/29/18,579
7/30/18,299
7/31/18,321
8/1/18,645
8/2/18,190
8/3/18,291
8/4/18,343
8/5/18,236
8/6/18,355
8/7/18,419
8/8/18,373
8/9/18,418
8/10/18,307
8/11/18,307
8/12/18,376
8/13/18,101
8/14/18,11
8/15/18,809
8/16/18,770
8/17/18,224
8/18/18,193
8/19/18,57
8/20/18,153
8/21/18,378
8/22/18,378
8/23/18,429
8/24/18,651
8/25/18,550
8/26/18,458
8/27/18,619
8/28/18,100
8/29/18,97
8/30/18,661
8/31/18,361
9/1/18,270
9/2/18,354
9/3/18,220
9/4/18,503
9/5/18,135
9/6/18,139
9/7/18,662
9/8/18,499
9/9/18,450
9/10/18,477
9/11/18,484
9/12/18,119
9/13/18,100
9/14/18,470
9/15/18,16
9/16/18,268
9/17/18,162
9/18/18,124
9/19/18,385
9/20/18,271
9/21/18,551
9/22/18,53
9/23/18,104
9/24/18,637
9/25/18,65
9/26/18,620
9/27/18,145
9/28/18,106
9/29/18,240
9/30/18,585
10/1/18,409
10/2/18,210
10/3/18,130
10/4/18,608
10/5/18,102
10/6/18,23
10/7/18,283
10/8/18,632
10/9/18,-153
10/10/18,320
10/11/18,372
10/12/18,42
10/13/18,-75
10/14/18,790
10/15/18,128
10/16/18,-27
10/17/18,-28
10/18/18,235
10/19/18,348
10/20/18,378
10/21/18,410
10/22/18,-38
10/23/18,328
10/24/18,89
10/25/18,429
10/26/18,71
10/27/18,196
10/28/18,507
10/29/18,-204
10/30/18,548
10/31/18,54
11/1/18,168
11/2/18,-831
11/3/18,828
11/4/18,-252
11/5/18,-110
11/6/18,130
11/7/18,-311
11/8/18,234
11/9/18,202
11/10/18,-182
11/11/18,-207
11/12/18,240
11/13/18,-341
11/14/18,127
11/15/18,165
11/16/18,92
11/17/18,244
11/18/18,-287
11/19/18,200
11/20/18,-253
11/21/18,391
11/22/18,1066
11/23/18,937
11/24/18,1240
11/25/18,628
11/26/18,377
11/27/18,423
11/28/18,1005
11/29/18,3493
11/30/18,3039
12/1/18,1414
12/2/18,1290
12/3/18,224
12/4/18,930
12/5/18,496
12/6/18,950
12/7/18,321
12/8/18,1039
12/9/18,582
12/10/18,497
12/11/18,-8
12/12/18,303
12/13/18,949
12/14/18,272
12/15/18,446
12/16/18,393
12/17/18,849
12/18/18,1104
12/19/18,928
12/20/18,439
12/21/18,522
12/22/18,438
12/23/18,440
12/24/18,1304
12/25/18,1049
12/26/18,969
12/27/18,413
12/28/18,894
12/29/18,213
12/30/18,489
12/31/18,864
1/1/19,163
1/2/19,453
1/3/19,473
1/4/19,517
1/5/19,366
1/6/19,1007
1/7/19,1729
1/8/19,1242
1/9/19,1873
1/10/19,1923
1/11/19,1007
1/12/19,1421
1/13/19,787
1/14/19,792
1/15/19,790
1/16/19,2591
1/17/19,10005
1/18/19,5245
1/19/19,2717
1/20/19,2669
1/21/19,4765
1/22/19,2556
1/23/19,2051
1/24/19,1850
1/25/19,2036
1/26/19,1244
1/27/19,1722
1/28/19,1399
1/29/19,1200
1/30/19,1579
1/31/19,1419
2/1/19,1981
2/2/19,7398
2/3/19,9797
2/4/19,10087
2/5/19,6434
2/6/19,4305
2/7/19,3017
2/8/19,2734
2/9/19,2844
2/10/19,5091
2/11/19,3568
2/12/19,2955
2/13/19,3527
2/14/19,26569
2/15/19,23072
2/16/19,11547
2/17/19,8242
2/18/19,5690
2/19/19,4487
2/20/19,6603
2/21/19,722
2/22/19,3551
2/23/19,2669
2/24/19,2627
2/25/19,2944
2/26/19,2695
2/27/19,4024
2/28/19,4344
3/1/19,4557
3/2/19,9557
3/3/19,10450
3/4/19,9980
3/5/19,7359
3/6/19,12290
3/7/19,14596
3/8/19,10557
3/9/19,7675
3/10/19,5749
3/11/19,4392
3/12/19,4382
3/13/19,4948
3/14/19,4030
3/15/19,3276
3/16/19,4186
3/17/19,3358
3/18/19,3917
3/19/19,4687
3/20/19,5202
3/21/19,4375
3/22/19,4080
3/23/19,4767
3/24/19,3985
3/25/19,3056
3/26/19,3535
3/27/19,5322
3/28/19,6690
3/29/19,4429
3/30/19,4215
3/31/19,4186
4/1/19,4551
4/2/19,5268
4/3/19,5970
4/4/19,5737
4/5/19,5346
4/6/19,5033
4/7/19,4438
4/8/19,6106
4/9/19,7115
4/10/19,7115
4/11/19,6220
4/12/19,4953
4/13/19,5084
4/14/19,5232
4/15/19,6376
4/16/19,6895
4/17/19,5846
4/18/19,5603
4/19/19,7910
4/20/19,8997
4/21/19,8180
4/22/19,8152
4/23/19,8618
4/24/19,9477
4/25/19,11278
4/26/19,13305
4/27/19,13770
4/28/19,12574
4/29/19,11288
4/30/19,10242
5/1/19,9180
5/2/19,8539
5/3/19,8126
5/4/19,9523
5/5/19,10105
5/6/19,9926
5/7/19,10839
5/8/19,11037
5/9/19,13068
5/10/19,11286
5/11/19,9837
5/12/19,10605
5/13/19,11999
5/14/19,12402
5/15/19,12394
5/16/19,13857
5/17/19,9877
5/18/19,7548
5/19/19,8063
5/20/19,7068
5/21/19,6287
5/22/19,7952
5/23/19,5964
5/24/19,5598
5/25/19,6479
5/26/19,7226
5/27/19,7570
5/28/19,5319
5/29/19,6899
5/30/19,10284
5/31/19,10269
6/1/19,8928
6/2/19,9656
6/3/19,10323
6/4/19,13949
6/5/19,15927
6/6/19,19103
6/7/19,19013
6/8/19,14256
6/9/19,12647
6/10/19,12823
6/11/19,13259
6/12/19,15909
6/13/19,17784
6/14/19,15569
6/15/19,14972
6/16/19,14672
6/17/19,14846
6/18/19,13257
6/19/19,13224
6/20/19,13686
6/21/19,14104
6/22/19,10685
6/23/19,7364
6/24/19,8745
6/25/19,9691
6/26/19,8532
6/27/19,7928
6/28/19,6877
6/29/19,5154
6/30/19,5324
7/1/19,6713
7/2/19,6669
7/3/19,6124
7/4/19,5700
7/5/19,6239
7/6/19,5545
7/7/19,5913
7/8/19,5837
7/9/19,5276
7/10/19,4977
7/11/19,5101
7/12/19,5248
7/13/19,5002
7/14/19,4449
7/15/19,4355
7/16/19,4201
7/17/19,2679
7/18/19,3403
7/19/19,3396
7/20/19,3302
7/21/19,2774
7/22/19,2119
7/23/19,2389
7/24/19,2157
7/25/19,2375
7/26/19,3609
7/27/19,2003
7/28/19,1572
7/29/19,1784
7/30/19,1744
7/31/19,718
8/1/19,1315
8/2/19,666
8/3/19,587
8/4/19,971
8/5/19,1349
8/6/19,1153
8/7/19,973
8/8/19,1015
8/9/19,1870
8/10/19,1121
8/11/19,712
8/12/19,415
8/13/19,764
8/14/19,625
8/15/19,662
8/16/19,1281
8/17/19,945
8/18/19,1158
8/19/19,703
8/20/19,548
8/21/19,1006
8/22/19,165
8/23/19,795
8/24/19,1108
8/25/19,495
8/26/19,1012
8/27/19,919
8/28/19,15
8/29/19,1508
8/30/19,990
8/31/19,148
9/1/19,1090
9/2/19,661
9/3/19,294
9/4/19,436
9/5/19,554
9/6/19,1309
9/7/19,764
9/8/19,720
9/9/19,851
9/10/19,543
9/11/19,227
9/12/19,104
9/13/19,201
9/14/19,297
9/15/19,550
9/16/19,1922
9/17/19,68
9/18/19,459
9/19/19,317
9/20/19,153
9/21/19,637
9/22/19,428
9/23/19,385
9/24/19,60
9/25/19,219
9/26/19,504
9/27/19,1138
9/28/19,750
9/29/19,215
9/30/19,735
10/1/19,248
10/2/19,-168
10/3/19,496
10/4/19,459
10/5/19,-372
10/6/19,229
10/7/19,194
10/8/19,323
10/9/19,973
10/10/19,690
10/11/19,389
10/12/19,351
10/13/19,347
10/14/19,347
10/15/19,347
10/16/19,347
10/17/19,346
10/18/19,302
10/19/19,302
10/20/19,302
10/21/19,303
10/22/19,303
10/23/19,307
10/24/19,760
10/25/19,597
10/26/19,485
10/27/19,485
10/28/19,485
10/29/19,656
10/30/19,284
10/31/19,806
11/1/19,166
11/2/19,166
11/3/19,166
11/4/19,166
11/5/19,166
11/6/19,166
11/7/19,166
11/8/19,166
11/9/19,166
11/10/19,166
11/11/19,165
11/12/19,322
11/13/19,129
11/14/19,185
11/15/19,185
11/16/19,185
11/17/19,185
11/18/19,185
11/19/19,186
11/20/19,186
11/21/19,186
11/22/19,187
11/23/19,187
11/24/19,213
11/25/19,254
11/26/19,254
11/27/19,255
11/28/19,455
11/29/19,491
11/30/19,320
12/1/19,1611
12/2/19,5393
12/3/19,1739
12/4/19,1423
12/5/19,895
12/6/19,841
12/7/19,1564
12/8/19,3472
12/9/19,1580
12/10/19,595
12/11/19,553
12/12/19,729
12/13/19,1189
12/14/19,1932
12/15/19,1038
12/16/19,641
12/17/19,644
12/18/19,638
12/19/19,599
12/20/19,890
12/21/19,470
12/22/19,936
12/23/19,1018
12/24/19,727
12/25/19,1140
12/26/19,590
12/27/19,550
12/28/19,433
12/29/19,1234
12/30/19,471
12/31/19,459
1/1/20,491
1/2/20,581
1/3/20,405
1/4/20,1046
1/5/20,372
1/6/20,658
1/7/20,961
1/8/20,450
1/9/20,450
1/10/20,321
1/11/20,871
1/12/20,150
1/13/20,399
1/14/20,322
1/15/20,368
1/16/20,400
1/17/20,663
1/18/20,663
1/19/20,450
1/20/20,447
1/21/20,609
1/22/20,609
1/23/20,609
1/24/20,609
1/25/20,529
1/26/20,873
1/27/20,751
1/28/20,1243
1/29/20,1261
1/30/20,388
1/31/20,149
2/1/20,821
2/2/20,822
2/3/20,771
2/4/20,685
2/5/20,144
2/6/20,758
2/7/20,272
2/8/20,51
2/9/20,569
2/10/20,698
2/11/20,174
2/12/20,497
2/13/20,488
2/14/20,850
2/15/20,603
2/16/20,298
2/17/20,934
2/18/20,376
2/19/20,906
2/20/20,458
2/21/20,913
2/22/20,265
2/23/20,775
2/24/20,712
2/25/20,324
2/26/20,746
2/27/20,846
2/28/20,1121
2/29/20,1117
3/1/20,948
3/2/20,1124
3/3/20,900
3/4/20,755
3/5/20,581
3/6/20,1030
3/7/20,1807
3/8/20,1055
3/9/20,642
3/10/20,1192
3/11/20,923
3/12/20,490
3/13/20,1244
3/14/20,1183
3/15/20,2843
3/16/20,5473
3/17/20,3090
3/18/20,1810
3/19/20,1628
3/20/20,1582
3/21/20,1443
3/22/20,787
3/23/20,1415
3/24/20,1956
3/25/20,1624
3/26/20,1533
3/27/20,1514
3/28/20,1007
3/29/20,1399
3/30/20,947
3/31/20,1538
4/1/20,1513
4/2/20,2586
4/3/20,1833
4/4/20,1682
4/5/20,2868
4/6/20,6874
4/7/20,3713
4/8/20,2866
4/9/20,3577
4/10/20,3176
4/11/20,3521
4/12/20,3324
4/13/20,4443
4/14/20,4107
4/15/20,3059
4/16/20,4189
4/17/20,4685
4/18/20,5933
4/19/20,4129
4/20/20,4453
4/21/20,3492
4/22/20,2785
4/23/20,4673
4/24/20,5584
4/25/20,5924
4/26/20,7053
4/27/20,6443
4/28/20,6173
4/29/20,8158
4/30/20,8998
5/1/20,8722
5/2/20,6388
5/3/20,6014
5/4/20,5747
5/5/20,4876
5/6/20,4910
5/7/20,4742
5/8/20,5337
5/9/20,5783
5/10/20,7158
5/11/20,7239
5/12/20,5902
5/13/20,4236
5/14/20,3191
5/15/20,2758
5/16/20,2165
5/17/20,4676
5/18/20,8293
5/19/20,8387
5/20/20,4961
5/21/20,3918
5/22/20,4559
5/23/20,3810
5/24/20,3111
5/25/20,3212
5/26/20,4289
5/27/20,5024
5/28/20,5498
5/29/20,5069
5/30/20,4758
5/31/20,4160
6/1/20,2956
6/2/20,2831
6/3/20,2050
6/4/20,2633
6/5/20,3454
6/6/20,2515
6/7/20,2732
6/8/20,1002
6/9/20,1026
6/10/20,1290
6/11/20,1245
6/12/20,1927
6/13/20,1713
6/14/20,1498
6/15/20,817
6/16/20,1499
6/17/20,775
6/18/20,432
6/19/20,1080
6/20/20,971
6/21/20,1311
6/22/20,350
6/23/20,562
6/24/20,874
6/25/20,1485
6/26/20,563
6/27/20,296
6/28/20,1955
6/29/20,519
6/30/20,474
7/1/20,174
7/2/20,956
7/3/20,838
7/4/20,246
7/5/20,420
7/6/20,606
7/7/20,517
7/8/20,272
7/9/20,621
7/10/20,560
7/11/20,-143
7/12/20,761
7/13/20,513
7/14/20,677
7/15/20,27
7/16/20,529
7/17/20,37
7/18/20,162
7/19/20,983
7/20/20,127
7/21/20,236
7/22/20,748
7/23/20,256
7/24/20,392
7/25/20,122
7/26/20,230
7/27/20,134
7/28/20,-9
7/29/20,608
7/30/20,309
7/31/20,837
8/1/20,-224
8/2/20,178
8/3/20,785
8/4/20,37
8/5/20,665
8/6/20,537
8/7/20,-162
8/8/20,473
8/9/20,302
8/10/20,168
8/11/20,383
8/12/20,11
8/13/20,671
8/14/20,-339
8/15/20,890
8/16/20,84
8/17/20,236
8/18/20,355
8/19/20,869
8/20/20,-177
8/21/20,155
8/22/20,660
8/23/20,-180
8/24/20,153
8/25/20,-66
8/26/20,121
8/27/20,146
8/28/20,197
8/29/20,-110
8/30/20,-101
8/31/20,123
9/1/20,616
9/2/20,-717
9/3/20,381
9/4/20,37
9/5/20,5
9/6/20,-106
9/7/20,192
9/8/20,-99
9/9/20,515
9/10/20,308
9/11/20,-228
9/12/20,-472
9/13/20,-95
9/14/20,-144
9/15/20,115
9/16/20,222
9/17/20,58
9/18/20,176
9/19/20,236
9/20/20,-289
9/21/20,-70
9/22/20,346
9/23/20,-4
9/24/20,-442
9/25/20,-241
9/26/20,-452
9/27/20,243
9/28/20,-396
9/29/20,-323
9/30/20,-13
10/1/20,65
10/2/20,245
10/3/20,181
10/4/20,-363
10/5/20,716
10/6/20,7
10/7/20,149
10/8/20,212
10/9/20,-66
10/10/20,181
10/11/20,220
10/12/20,-38
10/13/20,81
10/14/20,-75
10/15/20,371
10/16/20,-129
10/17/20,539
10/18/20,-127
10/19/20,128
10/20/20,425
10/21/20,-139
10/22/20,541
10/23/20,292
10/24/20,-501
10/25/20,604
10/26/20,-16
10/27/20,-262
10/28/20,55
10/29/20,-106
10/30/20,-68
10/31/20,-272
11/1/20,-193
11/2/20,206
11/3/20,-578
11/4/20,-33
11/5/20,-397
11/6/20,3
11/7/20,-73
11/8/20,307
11/9/20,-262
11/10/20,-53
11/11/20,-57
11/12/20,18
11/13/20,-196
11/14/20,14
11/15/20,181
11/16/20,-75
11/17/20,-86
11/18/20,822
11/19/20,195
11/20/20,461
11/21/20,382
11/22/20,57
11/23/20,-342
11/24/20,222
11/25/20,94
11/26/20,-299
11/27/20,-1
11/28/20,-22
11/29/20,144
11/30/20,66
12/1/20,526
12/2/20,-85
12/3/20,-385
12/4/20,288
12/5/20,83
12/6/20,69
12/7/20,101
12/8/20,-26
12/9/20,-167
12/10/20,-34
12/11/20,125
12/12/20,813
12/13/20,693
12/14/20,512
12/15/20,206
12/16/20,128
12/17/20,323
12/18/20,154
12/19/20,360
12/20/20,198
12/21/20,400
12/22/20,157
12/23/20,154
12/24/20,155
12/25/20,758
12/26/20,-329
12/27/20,845
12/28/20,265
12/29/20,303
12/30/20,184
12/31/20,183
1/1/21,96
1/2/21,181
1/3/21,139
1/4/21,-55
1/5/21,-152
1/6/21,570
1/7/21,101
1/8/21,539
1/9/21,-3
1/10/21,-166
1/11/21,542
1/12/21,105
1/13/21,872
1/14/21,-283
1/15/21,234
1/16/21,141
1/17/21,689
1/18/21,-693
1/19/21,99
1/20/21,114
1/21/21,130
1/22/21,31
1/23/21,157
1/24/21,-4
1/25/21,629
1/26/21,76
1/27/21,720
1/28/21,873
1/29/21,1460
1/30/21,722
1/31/21,762
2/1/21,430
2/2/21,545
2/3/21,561
2/4/21,926
2/5/21,402
2/6/21,680
2/7/21,561
2/8/21,641
2/9/21,967
2/10/21,602
2/11/21,680
2/12/21,1288
2/13/21,1207
2/14/21,1345
2/15/21,720
2/16/21,1354
2/17/21,659
2/18/21,807
2/19/21,553
2/20/21,326
2/21/21,237
2/22/21,612
2/23/21,284
2/24/21,1070
2/25/21,787
2/26/21,771
2/27/21,558
2/28/21,204
3/1/21,704
3/2/21,123
3/3/21,778
3/4/21,151
3/5/21,1027
3/6/21,740
3/7/21,1306
3/8/21,909
3/9/21,1349
3/10/21,888
3/11/21,1313
3/12/21,668
3/13/21,827
3/14/21,738
3/15/21,1387
3/16/21,264
3/17/21,859
3/18/21,554
3/19/21,979
3/20/21,2579
3/21/21,1587
3/22/21,1249
3/23/21,1043
3/24/21,656
3/25/21,910
3/26/21,646
3/27/21,1786
3/28/21,1557
3/29/21,2328
3/30/21,2142
3/31/21,2491
4/1/21,2479
4/2/21,2933
4/3/21,2581
4/4/21,3094
4/5/21,2952
4/6/21,2882
4/7/21,2547
4/8/21,3695
4/9/21,3273
4/10/21,3292
4/11/21,3966
4/12/21,3301
4/13/21,3943
4/14/21,3514
4/15/21,3710
4/16/21,2513
4/17/21,2279
4/18/21,2404
4/19/21,3495
4/20/21,3648
4/21/21,3982
4/22/21,3117
4/23/21,3914
4/24/21,3562
4/25/21,3707
4/26/21,3224
4/27/21,1677
4/28/21,1954
4/29/21,1374
4/30/21,3226
5/1/21,5199
5/2/21,4984
5/3/21,4345
5/4/21,4985
5/5/21,5634
5/6/21,5862
5/7/21,5770
5/8/21,5363
5/9/21,5126
5/10/21,5177
5/11/21,3916
5/12/21,3758
5/13/21,4078
5/14/21,3387
5/15/21,3780
5/16/21,3588
5/17/21,3431
5/18/21,3184
5/19/21,3492
5/20/21,2802
5/21/21,2680
5/22/21,1413
5/23/21,1184
5/24/21,1147
5/25/21,2208
5/26/21,1425
5/27/21,1311
5/28/21,1480
5/29/21,2092
5/30/21,1583
5/31/21,1553
6/1/21,2116
6/2/21,1944
6/3/21,2240
6/4/21,1965
6/5/21,1426
6/6/21,1579
6/7/21,1601
6/8/21,1559
6/9/21,1053
6/10/21,235
6/11/21,545
6/12/21,197
6/13/21,571
6/14/21,531
6/15/21,738
6/16/21,444
6/17/21,428
6/18/21,354
6/19/21,134
6/20/21,472
6/21/21,835
6/22/21,359
6/23/21,21
6/24/21,502
6/25/21,130
6/26/21,67
6/27/21,-164
6/28/21,148
6/29/21,293
6/30/21,267
7/1/21,592
7/2/21,214
7/3/21,692
7/4/21,120
7/5/21,442
7/6/21,648
7/7/21,20
7/8/21,-393
7/9/21,16
7/10/21,156
7/11/21,126
7/12/21,370
7/13/21,156
7/14/21,92
7/15/21,416
7/16/21,194
7/17/21,71
7/18/21,21
7/19/21,42
7/20/21,115
7/21/21,452
7/22/21,70
7/23/21,-202
7/24/21,102
7/25/21,16
7/26/21,122
7/27/21,264
7/28/21,163
7/29/21,100
7/30/21,228
7/31/21,120
8/1/21,191
8/2/21,180
8/3/21,406
8/4/21,-276
8/5/21,373
8/6/21,364
8/7/21,-261
8/8/21,311
8/9/21,-100
8/10/21,-212
8/11/21,272
8/12/21,-92
8/13/21,547
8/14/21,-366
8/15/21,272
8/16/21,585
8/17/21,-121
8/18/21,465
8/19/21,183
8/20/21,401
8/21/21,-150
8/22/21,213
8/23/21,23
8/24/21,263
8/25/21,23
8/26/21,-76
8/27/21,-4
8/28/21,-119
8/29/21,-41
8/30/21,419
8/31/21,86
9/1/21,359
9/2/21,272
9/3/21,-167
9/4/21,50
9/5/21,122
9/6/21,-476
9/7/21,114
9/8/21,32
9/9/21,155
9/10/21,374
9/11/21,195
9/12/21,108
9/13/21,-84
9/14/21,-84
9/15/21,351
9/16/21,262
9/17/21,-42
9/18/21,182
9/19/21,73
9/20/21,176
9/21/21,-55
9/22/21,120
9/23/21,184
9/24/21,-39
9/25/21,174
9/26/21,-109
9/27/21,263
9/28/21,193
9/29/21,329
9/30/21,-183
10/1/21,-20